Workbook

Sheet 여고부개인통합
B1: 2026 한국중고배구연맹 여고부 개인 선수별 데이터
C2: 2026년 3월 춘계 (단양) + 4월 연맹 (삼척) | AL2: 개인별 평가 지수
B3: No | D3: Team | E3: Name | F3: Grade 학년 | G3: Position 1 포지션1 | H3: Position 2 포지션2 | I3: Height (cm) | J3: Weight (kg) | K3: # Jersey 등번호 | L3: Match Played 경기 수 | M3: Set Played 경기 Set수 | N3: Kills ① 공격 성공 | O3: Kills Assist ② 어시스트 | P3: Attack ③ 공 격 | Q3: Attack Errors 공격실패 ④ | R3: Total Attack ①+③+④ 공격 합계 | S3: Hit % (①-④) / TA 공격 효율 | T3: Blocks ⑤ 블로킹 성공 | U3: Block Errors 블로킹 실패 ⑥ | V3: Block Assist 블로킹 도움 ⑦ | W3: Serve ⑧ 서 브 | X3: Serve Aces 서브 에이스 ⑨ | Y3: Serve Errors 서브 실패 ⑩ | Z3: Total Serve ⑧+⑨+⑩ 서브 합계 | AA3: Ball Handling Errors ⑪ 볼처리 실패 | AB3: Total Points ①+⑤+⑨ 득점 합계 | AC3: Player Score ①+⑤+⑨+⑦x75% 공격 지수 | AD3: Receive Att. 리시브 합계 ⑫+⑬ | AE3: Receive Successes ⑫ 리시브 성공 | AF3: Receive Failures ⑬ 리시브 실패 | AG3: Rcv Suc Rate (%) | AH3: Digs ⑭ 디그 | AI3: Digs / Set 디그수/세트 | AL3: Kills / Set 공격득점 | AM3: Total Attack / Set 공격횟수/세트 | AN3: Hit % 공격성공율 | AO3: Blocks / Set 블로킹득점/세트 | AP3: Serve Aces / Set | AQ3: Total Points / Set | AR3: Player Score / Set 공격지수 | AS3: 리시브 실패 /세트 | AT3: Dig / Set
B4: 1 | C4: =if(D4=D3,C3+1,1) -> 1 | D4: 선명여고 | E4: 곽도연 | F4: 3 | G4: MB | H4: - | I4: 182 | J4: 65 | K4: 1 | L4: =SUMIFS('3월 단양 개인별 STAT'!L:L, '3월 단양 개인별 STAT'!$D:$D, $D4, '3월 단양 개인별 STAT'!$E:$E, $E4) + SUMIFS('4월 삼척 개인별 STAT'!L:L, '4월 삼척 개인별 STAT'!$D:$D, $D4, '4월 삼척 개인별 STAT'!$E:$E, $E4) -> 2 | M4: =SUMIFS('3월 단양 개인별 STAT'!M:M, '3월 단양 개인별 STAT'!$D:$D, $D4, '3월 단양 개인별 STAT'!$E:$E, $E4) + SUMIFS('4월 삼척 개인별 STAT'!M:M, '4월 삼척 개인별 STAT'!$D:$D, $D4, '4월 삼척 개인별 STAT'!$E:$E, $E4) -> 7 | N4: =SUMIFS('3월 단양 개인별 STAT'!N:N, '3월 단양 개인별 STAT'!$D:$D, $D4, '3월 단양 개인별 STAT'!$E:$E, $E4) + SUMIFS('4월 삼척 개인별 STAT'!N:N, '4월 삼척 개인별 STAT'!$D:$D, $D4, '4월 삼척 개인별 STAT'!$E:$E, $E4) -> 5 | O4: =SUMIFS('3월 단양 개인별 STAT'!O:O, '3월 단양 개인별 STAT'!$D:$D, $D4, '3월 단양 개인별 STAT'!$E:$E, $E4) + SUMIFS('4월 삼척 개인별 STAT'!O:O, '4월 삼척 개인별 STAT'!$D:$D, $D4, '4월 삼척 개인별 STAT'!$E:$E, $E4) -> 0 | P4: =SUMIFS('3월 단양 개인별 STAT'!P:P, '3월 단양 개인별 STAT'!$D:$D, $D4, '3월 단양 개인별 STAT'!$E:$E, $E4) + SUMIFS('4월 삼척 개인별 STAT'!P:P, '4월 삼척 개인별 STAT'!$D:$D, $D4, '4월 삼척 개인별 STAT'!$E:$E, $E4) -> 5 | Q4: =SUMIFS('3월 단양 개인별 STAT'!Q:Q, '3월 단양 개인별 STAT'!$D:$D, $D4, '3월 단양 개인별 STAT'!$E:$E, $E4) + SUMIFS('4월 삼척 개인별 STAT'!Q:Q, '4월 삼척 개인별 STAT'!$D:$D, $D4, '4월 삼척 개인별 STAT'!$E:$E, $E4) -> 4 | R4: =if(Q4+P4+N4=0,"-",Q4+P4+N4) -> 14 | S4: =if(iferror((N4-Q4)/R4,0)=0,"-",round((N4-Q4)/R4,2)) -> 0.07 | T4: =SUMIFS('3월 단양 개인별 STAT'!T:T, '3월 단양 개인별 STAT'!$D:$D, $D4, '3월 단양 개인별 STAT'!$E:$E, $E4) + SUMIFS('4월 삼척 개인별 STAT'!T:T, '4월 삼척 개인별 STAT'!$D:$D, $D4, '4월 삼척 개인별 STAT'!$E:$E, $E4) -> 3 | U4: =SUMIFS('3월 단양 개인별 STAT'!U:U, '3월 단양 개인별 STAT'!$D:$D, $D4, '3월 단양 개인별 STAT'!$E:$E, $E4) + SUMIFS('4월 삼척 개인별 STAT'!U:U, '4월 삼척 개인별 STAT'!$D:$D, $D4, '4월 삼척 개인별 STAT'!$E:$E, $E4) -> 0 | V4: =SUMIFS('3월 단양 개인별 STAT'!V:V, '3월 단양 개인별 STAT'!$D:$D, $D4, '3월 단양 개인별 STAT'!$E:$E, $E4) + SUMIFS('4월 삼척 개인별 STAT'!V:V, '4월 삼척 개인별 STAT'!$D:$D, $D4, '4월 삼척 개인별 STAT'!$E:$E, $E4) -> 0 | W4: =SUMIFS('3월 단양 개인별 STAT'!W:W, '3월 단양 개인별 STAT'!$D:$D, $D4, '3월 단양 개인별 STAT'!$E:$E, $E4) + SUMIFS('4월 삼척 개인별 STAT'!W:W, '4월 삼척 개인별 STAT'!$D:$D, $D4, '4월 삼척 개인별 STAT'!$E:$E, $E4) -> 30 | X4: =SUMIFS('3월 단양 개인별 STAT'!X:X, '3월 단양 개인별 STAT'!$D:$D, $D4, '3월 단양 개인별 STAT'!$E:$E, $E4) + SUMIFS('4월 삼척 개인별 STAT'!X:X, '4월 삼척 개인별 STAT'!$D:$D, $D4, '4월 삼척 개인별 STAT'!$E:$E, $E4) -> 1 | Y4: =SUMIFS('3월 단양 개인별 STAT'!Y:Y, '3월 단양 개인별 STAT'!$D:$D, $D4, '3월 단양 개인별 STAT'!$E:$E, $E4) + SUMIFS('4월 삼척 개인별 STAT'!Y:Y, '4월 삼척 개인별 STAT'!$D:$D, $D4, '4월 삼척 개인별 STAT'!$E:$E, $E4) -> 0 | Z4: =IF(Y4+X4+W4=0,"-",Y4+X4+W4) -> 31 | AA4: =SUMIFS('3월 단양 개인별 STAT'!AA:AA, '3월 단양 개인별 STAT'!$D:$D, $D4, '3월 단양 개인별 STAT'!$E:$E, $E4) + SUMIFS('4월 삼척 개인별 STAT'!AA:AA, '4월 삼척 개인별 STAT'!$D:$D, $D4, '4월 삼척 개인별 STAT'!$E:$E, $E4) -> 0 | AB4: =if((T4+X4+N4)=0, "-",T4+X4+N4) -> 9 | AC4: =N4+T4+X4+(V4*0.75) -> 9 | AD4: =IF(AE4+AF4=0,"-",AE4+AF4) -> 2 | AE4: =SUMIFS('3월 단양 개인별 STAT'!AE:AE, '3월 단양 개인별 STAT'!$D:$D, $D4, '3월 단양 개인별 STAT'!$E:$E, $E4) + SUMIFS('4월 삼척 개인별 STAT'!AE:AE, '4월 삼척 개인별 STAT'!$D:$D, $D4, '4월 삼척 개인별 STAT'!$E:$E, $E4) -> 2 | AF4: =SUMIFS('3월 단양 개인별 STAT'!AF:AF, '3월 단양 개인별 STAT'!$D:$D, $D4, '3월 단양 개인별 STAT'!$E:$E, $E4) + SUMIFS('4월 삼척 개인별 STAT'!AF:AF, '4월 삼척 개인별 STAT'!$D:$D, $D4, '4월 삼척 개인별 STAT'!$E:$E, $E4) -> 0 | AG4: =iferror((AE4/AD4)*100,"-") -> 100 | AH4: =SUMIFS('3월 단양 개인별 STAT'!AH:AH, '3월 단양 개인별 STAT'!$D:$D, $D4, '3월 단양 개인별 STAT'!$E:$E, $E4) + SUMIFS('4월 삼척 개인별 STAT'!AH:AH, '4월 삼척 개인별 STAT'!$D:$D, $D4, '4월 삼척 개인별 STAT'!$E:$E, $E4) -> 3 | AI4: =IFERROR(IF(MOD(AH4/M4, 1)=0, TEXT(AH4/M4, "0"), TEXT(AH4/M4, "0.00")), "-") -> 0.43 | AL4: =iferror(N4/$M4,"-") -> 0.71428571 | AM4: =iferror(R4/$M4,"-") -> 2 | AN4: =iferror(N4/R4,"-") -> 0.35714286 | AO4: =iferror(T4/$M4,"-") -> 0.42857143 | AP4: =iferror(X4/$M4,"-") -> 0.14285714 | AQ4: =iferror(AB4/$M4,"-") -> 1.2857143 | AR4: =iferror(AC4/$M4,"-") -> 1.2857143 | AS4: =iferror(AF4/M4,"-") -> 0 | AT4: =AI4 -> 0.43
B5: 2 | C5: =if(D5=D4,C4+1,1) -> 2 | D5: 선명여고 | E5: 나민지 | F5: 3 | G5: Li | H5: - | I5: 161 | J5: 59 | K5: 3 | L5: =SUMIFS('3월 단양 개인별 STAT'!L:L, '3월 단양 개인별 STAT'!$D:$D, $D5, '3월 단양 개인별 STAT'!$E:$E, $E5) + SUMIFS('4월 삼척 개인별 STAT'!L:L, '4월 삼척 개인별 STAT'!$D:$D, $D5, '4월 삼척 개인별 STAT'!$E:$E, $E5) -> 2 | M5: =SUMIFS('3월 단양 개인별 STAT'!M:M, '3월 단양 개인별 STAT'!$D:$D, $D5, '3월 단양 개인별 STAT'!$E:$E, $E5) + SUMIFS('4월 삼척 개인별 STAT'!M:M, '4월 삼척 개인별 STAT'!$D:$D, $D5, '4월 삼척 개인별 STAT'!$E:$E, $E5) -> 7 | N5: =SUMIFS('3월 단양 개인별 STAT'!N:N, '3월 단양 개인별 STAT'!$D:$D, $D5, '3월 단양 개인별 STAT'!$E:$E, $E5) + SUMIFS('4월 삼척 개인별 STAT'!N:N, '4월 삼척 개인별 STAT'!$D:$D, $D5, '4월 삼척 개인별 STAT'!$E:$E, $E5) -> 0 | O5: =SUMIFS('3월 단양 개인별 STAT'!O:O, '3월 단양 개인별 STAT'!$D:$D, $D5, '3월 단양 개인별 STAT'!$E:$E, $E5) + SUMIFS('4월 삼척 개인별 STAT'!O:O, '4월 삼척 개인별 STAT'!$D:$D, $D5, '4월 삼척 개인별 STAT'!$E:$E, $E5) -> 4 | P5: =SUMIFS('3월 단양 개인별 STAT'!P:P, '3월 단양 개인별 STAT'!$D:$D, $D5, '3월 단양 개인별 STAT'!$E:$E, $E5) + SUMIFS('4월 삼척 개인별 STAT'!P:P, '4월 삼척 개인별 STAT'!$D:$D, $D5, '4월 삼척 개인별 STAT'!$E:$E, $E5) -> 0 | Q5: =SUMIFS('3월 단양 개인별 STAT'!Q:Q, '3월 단양 개인별 STAT'!$D:$D, $D5, '3월 단양 개인별 STAT'!$E:$E, $E5) + SUMIFS('4월 삼척 개인별 STAT'!Q:Q, '4월 삼척 개인별 STAT'!$D:$D, $D5, '4월 삼척 개인별 STAT'!$E:$E, $E5) -> 0 | R5: =if(Q5+P5+N5=0,"-",Q5+P5+N5) -> - | S5: =if(iferror((N5-Q5)/R5,0)=0,"-",round((N5-Q5)/R5,2)) -> - | T5: =SUMIFS('3월 단양 개인별 STAT'!T:T, '3월 단양 개인별 STAT'!$D:$D, $D5, '3월 단양 개인별 STAT'!$E:$E, $E5) + SUMIFS('4월 삼척 개인별 STAT'!T:T, '4월 삼척 개인별 STAT'!$D:$D, $D5, '4월 삼척 개인별 STAT'!$E:$E, $E5) -> 0 | U5: =SUMIFS('3월 단양 개인별 STAT'!U:U, '3월 단양 개인별 STAT'!$D:$D, $D5, '3월 단양 개인별 STAT'!$E:$E, $E5) + SUMIFS('4월 삼척 개인별 STAT'!U:U, '4월 삼척 개인별 STAT'!$D:$D, $D5, '4월 삼척 개인별 STAT'!$E:$E, $E5) -> 0 | V5: =SUMIFS('3월 단양 개인별 STAT'!V:V, '3월 단양 개인별 STAT'!$D:$D, $D5, '3월 단양 개인별 STAT'!$E:$E, $E5) + SUMIFS('4월 삼척 개인별 STAT'!V:V, '4월 삼척 개인별 STAT'!$D:$D, $D5, '4월 삼척 개인별 STAT'!$E:$E, $E5) -> 0 | W5: =SUMIFS('3월 단양 개인별 STAT'!W:W, '3월 단양 개인별 STAT'!$D:$D, $D5, '3월 단양 개인별 STAT'!$E:$E, $E5) + SUMIFS('4월 삼척 개인별 STAT'!W:W, '4월 삼척 개인별 STAT'!$D:$D, $D5, '4월 삼척 개인별 STAT'!$E:$E, $E5) -> 0 | X5: =SUMIFS('3월 단양 개인별 STAT'!X:X, '3월 단양 개인별 STAT'!$D:$D, $D5, '3월 단양 개인별 STAT'!$E:$E, $E5) + SUMIFS('4월 삼척 개인별 STAT'!X:X, '4월 삼척 개인별 STAT'!$D:$D, $D5, '4월 삼척 개인별 STAT'!$E:$E, $E5) -> 0 | Y5: =SUMIFS('3월 단양 개인별 STAT'!Y:Y, '3월 단양 개인별 STAT'!$D:$D, $D5, '3월 단양 개인별 STAT'!$E:$E, $E5) + SUMIFS('4월 삼척 개인별 STAT'!Y:Y, '4월 삼척 개인별 STAT'!$D:$D, $D5, '4월 삼척 개인별 STAT'!$E:$E, $E5) -> 0 | Z5: =IF(Y5+X5+W5=0,"-",Y5+X5+W5) -> - | AA5: =SUMIFS('3월 단양 개인별 STAT'!AA:AA, '3월 단양 개인별 STAT'!$D:$D, $D5, '3월 단양 개인별 STAT'!$E:$E, $E5) + SUMIFS('4월 삼척 개인별 STAT'!AA:AA, '4월 삼척 개인별 STAT'!$D:$D, $D5, '4월 삼척 개인별 STAT'!$E:$E, $E5) -> 0 | AB5: =if((T5+X5+N5)=0, "-",T5+X5+N5) -> - | AC5: =N5+T5+X5+(V5*0.75) -> 0 | AD5: =IF(AE5+AF5=0,"-",AE5+AF5) -> 42 | AE5: =SUMIFS('3월 단양 개인별 STAT'!AE:AE, '3월 단양 개인별 STAT'!$D:$D, $D5, '3월 단양 개인별 STAT'!$E:$E, $E5) + SUMIFS('4월 삼척 개인별 STAT'!AE:AE, '4월 삼척 개인별 STAT'!$D:$D, $D5, '4월 삼척 개인별 STAT'!$E:$E, $E5) -> 39 | AF5: =SUMIFS('3월 단양 개인별 STAT'!AF:AF, '3월 단양 개인별 STAT'!$D:$D, $D5, '3월 단양 개인별 STAT'!$E:$E, $E5) + SUMIFS('4월 삼척 개인별 STAT'!AF:AF, '4월 삼척 개인별 STAT'!$D:$D, $D5, '4월 삼척 개인별 STAT'!$E:$E, $E5) -> 3 | AG5: =iferror((AE5/AD5)*100,"-") -> 92.857143 | AH5: =SUMIFS('3월 단양 개인별 STAT'!AH:AH, '3월 단양 개인별 STAT'!$D:$D, $D5, '3월 단양 개인별 STAT'!$E:$E, $E5) + SUMIFS('4월 삼척 개인별 STAT'!AH:AH, '4월 삼척 개인별 STAT'!$D:$D, $D5, '4월 삼척 개인별 STAT'!$E:$E, $E5) -> 18 | AI5: =IFERROR(IF(MOD(AH5/M5, 1)=0, TEXT(AH5/M5, "0"), TEXT(AH5/M5, "0.00")), "-") -> 2.57 | AL5: =iferror(N5/$M5,"-") -> 0 | AM5: =iferror(R5/$M5,"-") -> - | AN5: =iferror(N5/R5,"-") -> - | AO5: =iferror(T5/$M5,"-") -> 0 | AP5: =iferror(X5/$M5,"-") -> 0 | AQ5: =iferror(AB5/$M5,"-") -> - | AR5: =iferror(AC5/$M5,"-") -> 0 | AS5: =iferror(AF5/M5,"-") -> 0.42857143 | AT5: =AI5 -> 2.57
B6: 3 | C6: =if(D6=D5,C5+1,1) -> 3 | D6: 선명여고 | E6: 오해솔 | F6: 3 | G6: OH | H6: - | I6: 183 | J6: 66 | K6: 5 | L6: =SUMIFS('3월 단양 개인별 STAT'!L:L, '3월 단양 개인별 STAT'!$D:$D, $D6, '3월 단양 개인별 STAT'!$E:$E, $E6) + SUMIFS('4월 삼척 개인별 STAT'!L:L, '4월 삼척 개인별 STAT'!$D:$D, $D6, '4월 삼척 개인별 STAT'!$E:$E, $E6) -> 1 | M6: =SUMIFS('3월 단양 개인별 STAT'!M:M, '3월 단양 개인별 STAT'!$D:$D, $D6, '3월 단양 개인별 STAT'!$E:$E, $E6) + SUMIFS('4월 삼척 개인별 STAT'!M:M, '4월 삼척 개인별 STAT'!$D:$D, $D6, '4월 삼척 개인별 STAT'!$E:$E, $E6) -> 1 | N6: =SUMIFS('3월 단양 개인별 STAT'!N:N, '3월 단양 개인별 STAT'!$D:$D, $D6, '3월 단양 개인별 STAT'!$E:$E, $E6) + SUMIFS('4월 삼척 개인별 STAT'!N:N, '4월 삼척 개인별 STAT'!$D:$D, $D6, '4월 삼척 개인별 STAT'!$E:$E, $E6) -> 0 | O6: =SUMIFS('3월 단양 개인별 STAT'!O:O, '3월 단양 개인별 STAT'!$D:$D, $D6, '3월 단양 개인별 STAT'!$E:$E, $E6) + SUMIFS('4월 삼척 개인별 STAT'!O:O, '4월 삼척 개인별 STAT'!$D:$D, $D6, '4월 삼척 개인별 STAT'!$E:$E, $E6) -> 0 | P6: =SUMIFS('3월 단양 개인별 STAT'!P:P, '3월 단양 개인별 STAT'!$D:$D, $D6, '3월 단양 개인별 STAT'!$E:$E, $E6) + SUMIFS('4월 삼척 개인별 STAT'!P:P, '4월 삼척 개인별 STAT'!$D:$D, $D6, '4월 삼척 개인별 STAT'!$E:$E, $E6) -> 0 | Q6: =SUMIFS('3월 단양 개인별 STAT'!Q:Q, '3월 단양 개인별 STAT'!$D:$D, $D6, '3월 단양 개인별 STAT'!$E:$E, $E6) + SUMIFS('4월 삼척 개인별 STAT'!Q:Q, '4월 삼척 개인별 STAT'!$D:$D, $D6, '4월 삼척 개인별 STAT'!$E:$E, $E6) -> 0 | R6: =if(Q6+P6+N6=0,"-",Q6+P6+N6) -> - | S6: =if(iferror((N6-Q6)/R6,0)=0,"-",round((N6-Q6)/R6,2)) -> - | T6: =SUMIFS('3월 단양 개인별 STAT'!T:T, '3월 단양 개인별 STAT'!$D:$D, $D6, '3월 단양 개인별 STAT'!$E:$E, $E6) + SUMIFS('4월 삼척 개인별 STAT'!T:T, '4월 삼척 개인별 STAT'!$D:$D, $D6, '4월 삼척 개인별 STAT'!$E:$E, $E6) -> 0 | U6: =SUMIFS('3월 단양 개인별 STAT'!U:U, '3월 단양 개인별 STAT'!$D:$D, $D6, '3월 단양 개인별 STAT'!$E:$E, $E6) + SUMIFS('4월 삼척 개인별 STAT'!U:U, '4월 삼척 개인별 STAT'!$D:$D, $D6, '4월 삼척 개인별 STAT'!$E:$E, $E6) -> 0 | V6: =SUMIFS('3월 단양 개인별 STAT'!V:V, '3월 단양 개인별 STAT'!$D:$D, $D6, '3월 단양 개인별 STAT'!$E:$E, $E6) + SUMIFS('4월 삼척 개인별 STAT'!V:V, '4월 삼척 개인별 STAT'!$D:$D, $D6, '4월 삼척 개인별 STAT'!$E:$E, $E6) -> 0 | W6: =SUMIFS('3월 단양 개인별 STAT'!W:W, '3월 단양 개인별 STAT'!$D:$D, $D6, '3월 단양 개인별 STAT'!$E:$E, $E6) + SUMIFS('4월 삼척 개인별 STAT'!W:W, '4월 삼척 개인별 STAT'!$D:$D, $D6, '4월 삼척 개인별 STAT'!$E:$E, $E6) -> 2 | X6: =SUMIFS('3월 단양 개인별 STAT'!X:X, '3월 단양 개인별 STAT'!$D:$D, $D6, '3월 단양 개인별 STAT'!$E:$E, $E6) + SUMIFS('4월 삼척 개인별 STAT'!X:X, '4월 삼척 개인별 STAT'!$D:$D, $D6, '4월 삼척 개인별 STAT'!$E:$E, $E6) -> 0 | Y6: =SUMIFS('3월 단양 개인별 STAT'!Y:Y, '3월 단양 개인별 STAT'!$D:$D, $D6, '3월 단양 개인별 STAT'!$E:$E, $E6) + SUMIFS('4월 삼척 개인별 STAT'!Y:Y, '4월 삼척 개인별 STAT'!$D:$D, $D6, '4월 삼척 개인별 STAT'!$E:$E, $E6) -> 0 | Z6: =IF(Y6+X6+W6=0,"-",Y6+X6+W6) -> 2 | AA6: =SUMIFS('3월 단양 개인별 STAT'!AA:AA, '3월 단양 개인별 STAT'!$D:$D, $D6, '3월 단양 개인별 STAT'!$E:$E, $E6) + SUMIFS('4월 삼척 개인별 STAT'!AA:AA, '4월 삼척 개인별 STAT'!$D:$D, $D6, '4월 삼척 개인별 STAT'!$E:$E, $E6) -> 0 | AB6: =if((T6+X6+N6)=0, "-",T6+X6+N6) -> - | AC6: =N6+T6+X6+(V6*0.75) -> 0 | AD6: =IF(AE6+AF6=0,"-",AE6+AF6) -> 2 | AE6: =SUMIFS('3월 단양 개인별 STAT'!AE:AE, '3월 단양 개인별 STAT'!$D:$D, $D6, '3월 단양 개인별 STAT'!$E:$E, $E6) + SUMIFS('4월 삼척 개인별 STAT'!AE:AE, '4월 삼척 개인별 STAT'!$D:$D, $D6, '4월 삼척 개인별 STAT'!$E:$E, $E6) -> 2 | AF6: =SUMIFS('3월 단양 개인별 STAT'!AF:AF, '3월 단양 개인별 STAT'!$D:$D, $D6, '3월 단양 개인별 STAT'!$E:$E, $E6) + SUMIFS('4월 삼척 개인별 STAT'!AF:AF, '4월 삼척 개인별 STAT'!$D:$D, $D6, '4월 삼척 개인별 STAT'!$E:$E, $E6) -> 0 | AG6: =iferror((AE6/AD6)*100,"-") -> 100 | AH6: =SUMIFS('3월 단양 개인별 STAT'!AH:AH, '3월 단양 개인별 STAT'!$D:$D, $D6, '3월 단양 개인별 STAT'!$E:$E, $E6) + SUMIFS('4월 삼척 개인별 STAT'!AH:AH, '4월 삼척 개인별 STAT'!$D:$D, $D6, '4월 삼척 개인별 STAT'!$E:$E, $E6) -> 0 | AI6: =IFERROR(IF(MOD(AH6/M6, 1)=0, TEXT(AH6/M6, "0"), TEXT(AH6/M6, "0.00")), "-") -> 0 | AL6: =iferror(N6/$M6,"-") -> 0 | AM6: =iferror(R6/$M6,"-") -> - | AN6: =iferror(N6/R6,"-") -> - | AO6: =iferror(T6/$M6,"-") -> 0 | AP6: =iferror(X6/$M6,"-") -> 0 | AQ6: =iferror(AB6/$M6,"-") -> - | AR6: =iferror(AC6/$M6,"-") -> 0 | AS6: =iferror(AF6/M6,"-") -> 0 | AT6: =AI6 -> 0
B7: 4 | C7: =if(D7=D6,C6+1,1) -> 4 | D7: 선명여고 | E7: 최윤겸 | F7: 2 | G7: S | H7: - | I7: 167 | J7: 60 | K7: 7 | L7: =SUMIFS('3월 단양 개인별 STAT'!L:L, '3월 단양 개인별 STAT'!$D:$D, $D7, '3월 단양 개인별 STAT'!$E:$E, $E7) + SUMIFS('4월 삼척 개인별 STAT'!L:L, '4월 삼척 개인별 STAT'!$D:$D, $D7, '4월 삼척 개인별 STAT'!$E:$E, $E7) -> 2 | M7: =SUMIFS('3월 단양 개인별 STAT'!M:M, '3월 단양 개인별 STAT'!$D:$D, $D7, '3월 단양 개인별 STAT'!$E:$E, $E7) + SUMIFS('4월 삼척 개인별 STAT'!M:M, '4월 삼척 개인별 STAT'!$D:$D, $D7, '4월 삼척 개인별 STAT'!$E:$E, $E7) -> 7 | N7: =SUMIFS('3월 단양 개인별 STAT'!N:N, '3월 단양 개인별 STAT'!$D:$D, $D7, '3월 단양 개인별 STAT'!$E:$E, $E7) + SUMIFS('4월 삼척 개인별 STAT'!N:N, '4월 삼척 개인별 STAT'!$D:$D, $D7, '4월 삼척 개인별 STAT'!$E:$E, $E7) -> 0 | O7: =SUMIFS('3월 단양 개인별 STAT'!O:O, '3월 단양 개인별 STAT'!$D:$D, $D7, '3월 단양 개인별 STAT'!$E:$E, $E7) + SUMIFS('4월 삼척 개인별 STAT'!O:O, '4월 삼척 개인별 STAT'!$D:$D, $D7, '4월 삼척 개인별 STAT'!$E:$E, $E7) -> 1 | P7: =SUMIFS('3월 단양 개인별 STAT'!P:P, '3월 단양 개인별 STAT'!$D:$D, $D7, '3월 단양 개인별 STAT'!$E:$E, $E7) + SUMIFS('4월 삼척 개인별 STAT'!P:P, '4월 삼척 개인별 STAT'!$D:$D, $D7, '4월 삼척 개인별 STAT'!$E:$E, $E7) -> 0 | Q7: =SUMIFS('3월 단양 개인별 STAT'!Q:Q, '3월 단양 개인별 STAT'!$D:$D, $D7, '3월 단양 개인별 STAT'!$E:$E, $E7) + SUMIFS('4월 삼척 개인별 STAT'!Q:Q, '4월 삼척 개인별 STAT'!$D:$D, $D7, '4월 삼척 개인별 STAT'!$E:$E, $E7) -> 0 | R7: =if(Q7+P7+N7=0,"-",Q7+P7+N7) -> - | S7: =if(iferror((N7-Q7)/R7,0)=0,"-",round((N7-Q7)/R7,2)) -> - | T7: =SUMIFS('3월 단양 개인별 STAT'!T:T, '3월 단양 개인별 STAT'!$D:$D, $D7, '3월 단양 개인별 STAT'!$E:$E, $E7) + SUMIFS('4월 삼척 개인별 STAT'!T:T, '4월 삼척 개인별 STAT'!$D:$D, $D7, '4월 삼척 개인별 STAT'!$E:$E, $E7) -> 0 | U7: =SUMIFS('3월 단양 개인별 STAT'!U:U, '3월 단양 개인별 STAT'!$D:$D, $D7, '3월 단양 개인별 STAT'!$E:$E, $E7) + SUMIFS('4월 삼척 개인별 STAT'!U:U, '4월 삼척 개인별 STAT'!$D:$D, $D7, '4월 삼척 개인별 STAT'!$E:$E, $E7) -> 0 | V7: =SUMIFS('3월 단양 개인별 STAT'!V:V, '3월 단양 개인별 STAT'!$D:$D, $D7, '3월 단양 개인별 STAT'!$E:$E, $E7) + SUMIFS('4월 삼척 개인별 STAT'!V:V, '4월 삼척 개인별 STAT'!$D:$D, $D7, '4월 삼척 개인별 STAT'!$E:$E, $E7) -> 0 | W7: =SUMIFS('3월 단양 개인별 STAT'!W:W, '3월 단양 개인별 STAT'!$D:$D, $D7, '3월 단양 개인별 STAT'!$E:$E, $E7) + SUMIFS('4월 삼척 개인별 STAT'!W:W, '4월 삼척 개인별 STAT'!$D:$D, $D7, '4월 삼척 개인별 STAT'!$E:$E, $E7) -> 4 | X7: =SUMIFS('3월 단양 개인별 STAT'!X:X, '3월 단양 개인별 STAT'!$D:$D, $D7, '3월 단양 개인별 STAT'!$E:$E, $E7) + SUMIFS('4월 삼척 개인별 STAT'!X:X, '4월 삼척 개인별 STAT'!$D:$D, $D7, '4월 삼척 개인별 STAT'!$E:$E, $E7) -> 2 | Y7: =SUMIFS('3월 단양 개인별 STAT'!Y:Y, '3월 단양 개인별 STAT'!$D:$D, $D7, '3월 단양 개인별 STAT'!$E:$E, $E7) + SUMIFS('4월 삼척 개인별 STAT'!Y:Y, '4월 삼척 개인별 STAT'!$D:$D, $D7, '4월 삼척 개인별 STAT'!$E:$E, $E7) -> 3 | Z7: =IF(Y7+X7+W7=0,"-",Y7+X7+W7) -> 9 | AA7: =SUMIFS('3월 단양 개인별 STAT'!AA:AA, '3월 단양 개인별 STAT'!$D:$D, $D7, '3월 단양 개인별 STAT'!$E:$E, $E7) + SUMIFS('4월 삼척 개인별 STAT'!AA:AA, '4월 삼척 개인별 STAT'!$D:$D, $D7, '4월 삼척 개인별 STAT'!$E:$E, $E7) -> 0 | AB7: =if((T7+X7+N7)=0, "-",T7+X7+N7) -> 2 | AC7: =N7+T7+X7+(V7*0.75) -> 2 | AD7: =IF(AE7+AF7=0,"-",AE7+AF7) -> 1 | AE7: =SUMIFS('3월 단양 개인별 STAT'!AE:AE, '3월 단양 개인별 STAT'!$D:$D, $D7, '3월 단양 개인별 STAT'!$E:$E, $E7) + SUMIFS('4월 삼척 개인별 STAT'!AE:AE, '4월 삼척 개인별 STAT'!$D:$D, $D7, '4월 삼척 개인별 STAT'!$E:$E, $E7) -> 1 | AF7: =SUMIFS('3월 단양 개인별 STAT'!AF:AF, '3월 단양 개인별 STAT'!$D:$D, $D7, '3월 단양 개인별 STAT'!$E:$E, $E7) + SUMIFS('4월 삼척 개인별 STAT'!AF:AF, '4월 삼척 개인별 STAT'!$D:$D, $D7, '4월 삼척 개인별 STAT'!$E:$E, $E7) -> 0 | AG7: =iferror((AE7/AD7)*100,"-") -> 100 | AH7: =SUMIFS('3월 단양 개인별 STAT'!AH:AH, '3월 단양 개인별 STAT'!$D:$D, $D7, '3월 단양 개인별 STAT'!$E:$E, $E7) + SUMIFS('4월 삼척 개인별 STAT'!AH:AH, '4월 삼척 개인별 STAT'!$D:$D, $D7, '4월 삼척 개인별 STAT'!$E:$E, $E7) -> 0 | AI7: =IFERROR(IF(MOD(AH7/M7, 1)=0, TEXT(AH7/M7, "0"), TEXT(AH7/M7, "0.00")), "-") -> 0 | AL7: =iferror(N7/$M7,"-") -> 0 | AM7: =iferror(R7/$M7,"-") -> - | AN7: =iferror(N7/R7,"-") -> - | AO7: =iferror(T7/$M7,"-") -> 0 | AP7: =iferror(X7/$M7,"-") -> 0.28571429 | AQ7: =iferror(AB7/$M7,"-") -> 0.28571429 | AR7: =iferror(AC7/$M7,"-") -> 0.28571429 | AS7: =iferror(AF7/M7,"-") -> 0 | AT7: =AI7 -> 0
B8: 5 | C8: =if(D8=D7,C7+1,1) -> 5 | D8: 선명여고 | E8: 김예은 | F8: 2 | G8: OH | H8: - | I8: 168 | J8: 64 | K8: 8 | L8: =SUMIFS('3월 단양 개인별 STAT'!L:L, '3월 단양 개인별 STAT'!$D:$D, $D8, '3월 단양 개인별 STAT'!$E:$E, $E8) + SUMIFS('4월 삼척 개인별 STAT'!L:L, '4월 삼척 개인별 STAT'!$D:$D, $D8, '4월 삼척 개인별 STAT'!$E:$E, $E8) -> 2 | M8: =SUMIFS('3월 단양 개인별 STAT'!M:M, '3월 단양 개인별 STAT'!$D:$D, $D8, '3월 단양 개인별 STAT'!$E:$E, $E8) + SUMIFS('4월 삼척 개인별 STAT'!M:M, '4월 삼척 개인별 STAT'!$D:$D, $D8, '4월 삼척 개인별 STAT'!$E:$E, $E8) -> 6 | N8: =SUMIFS('3월 단양 개인별 STAT'!N:N, '3월 단양 개인별 STAT'!$D:$D, $D8, '3월 단양 개인별 STAT'!$E:$E, $E8) + SUMIFS('4월 삼척 개인별 STAT'!N:N, '4월 삼척 개인별 STAT'!$D:$D, $D8, '4월 삼척 개인별 STAT'!$E:$E, $E8) -> 0 | O8: =SUMIFS('3월 단양 개인별 STAT'!O:O, '3월 단양 개인별 STAT'!$D:$D, $D8, '3월 단양 개인별 STAT'!$E:$E, $E8) + SUMIFS('4월 삼척 개인별 STAT'!O:O, '4월 삼척 개인별 STAT'!$D:$D, $D8, '4월 삼척 개인별 STAT'!$E:$E, $E8) -> 0 | P8: =SUMIFS('3월 단양 개인별 STAT'!P:P, '3월 단양 개인별 STAT'!$D:$D, $D8, '3월 단양 개인별 STAT'!$E:$E, $E8) + SUMIFS('4월 삼척 개인별 STAT'!P:P, '4월 삼척 개인별 STAT'!$D:$D, $D8, '4월 삼척 개인별 STAT'!$E:$E, $E8) -> 0 | Q8: =SUMIFS('3월 단양 개인별 STAT'!Q:Q, '3월 단양 개인별 STAT'!$D:$D, $D8, '3월 단양 개인별 STAT'!$E:$E, $E8) + SUMIFS('4월 삼척 개인별 STAT'!Q:Q, '4월 삼척 개인별 STAT'!$D:$D, $D8, '4월 삼척 개인별 STAT'!$E:$E, $E8) -> 0 | R8: =if(Q8+P8+N8=0,"-",Q8+P8+N8) -> - | S8: =if(iferror((N8-Q8)/R8,0)=0,"-",round((N8-Q8)/R8,2)) -> - | T8: =SUMIFS('3월 단양 개인별 STAT'!T:T, '3월 단양 개인별 STAT'!$D:$D, $D8, '3월 단양 개인별 STAT'!$E:$E, $E8) + SUMIFS('4월 삼척 개인별 STAT'!T:T, '4월 삼척 개인별 STAT'!$D:$D, $D8, '4월 삼척 개인별 STAT'!$E:$E, $E8) -> 0 | U8: =SUMIFS('3월 단양 개인별 STAT'!U:U, '3월 단양 개인별 STAT'!$D:$D, $D8, '3월 단양 개인별 STAT'!$E:$E, $E8) + SUMIFS('4월 삼척 개인별 STAT'!U:U, '4월 삼척 개인별 STAT'!$D:$D, $D8, '4월 삼척 개인별 STAT'!$E:$E, $E8) -> 0 | V8: =SUMIFS('3월 단양 개인별 STAT'!V:V, '3월 단양 개인별 STAT'!$D:$D, $D8, '3월 단양 개인별 STAT'!$E:$E, $E8) + SUMIFS('4월 삼척 개인별 STAT'!V:V, '4월 삼척 개인별 STAT'!$D:$D, $D8, '4월 삼척 개인별 STAT'!$E:$E, $E8) -> 0 | W8: =SUMIFS('3월 단양 개인별 STAT'!W:W, '3월 단양 개인별 STAT'!$D:$D, $D8, '3월 단양 개인별 STAT'!$E:$E, $E8) + SUMIFS('4월 삼척 개인별 STAT'!W:W, '4월 삼척 개인별 STAT'!$D:$D, $D8, '4월 삼척 개인별 STAT'!$E:$E, $E8) -> 12 | X8: =SUMIFS('3월 단양 개인별 STAT'!X:X, '3월 단양 개인별 STAT'!$D:$D, $D8, '3월 단양 개인별 STAT'!$E:$E, $E8) + SUMIFS('4월 삼척 개인별 STAT'!X:X, '4월 삼척 개인별 STAT'!$D:$D, $D8, '4월 삼척 개인별 STAT'!$E:$E, $E8) -> 1 | Y8: =SUMIFS('3월 단양 개인별 STAT'!Y:Y, '3월 단양 개인별 STAT'!$D:$D, $D8, '3월 단양 개인별 STAT'!$E:$E, $E8) + SUMIFS('4월 삼척 개인별 STAT'!Y:Y, '4월 삼척 개인별 STAT'!$D:$D, $D8, '4월 삼척 개인별 STAT'!$E:$E, $E8) -> 0 | Z8: =IF(Y8+X8+W8=0,"-",Y8+X8+W8) -> 13 | AA8: =SUMIFS('3월 단양 개인별 STAT'!AA:AA, '3월 단양 개인별 STAT'!$D:$D, $D8, '3월 단양 개인별 STAT'!$E:$E, $E8) + SUMIFS('4월 삼척 개인별 STAT'!AA:AA, '4월 삼척 개인별 STAT'!$D:$D, $D8, '4월 삼척 개인별 STAT'!$E:$E, $E8) -> 0 | AB8: =if((T8+X8+N8)=0, "-",T8+X8+N8) -> 1 | AC8: =N8+T8+X8+(V8*0.75) -> 1 | AD8: =IF(AE8+AF8=0,"-",AE8+AF8) -> 9 | AE8: =SUMIFS('3월 단양 개인별 STAT'!AE:AE, '3월 단양 개인별 STAT'!$D:$D, $D8, '3월 단양 개인별 STAT'!$E:$E, $E8) + SUMIFS('4월 삼척 개인별 STAT'!AE:AE, '4월 삼척 개인별 STAT'!$D:$D, $D8, '4월 삼척 개인별 STAT'!$E:$E, $E8) -> 8 | AF8: =SUMIFS('3월 단양 개인별 STAT'!AF:AF, '3월 단양 개인별 STAT'!$D:$D, $D8, '3월 단양 개인별 STAT'!$E:$E, $E8) + SUMIFS('4월 삼척 개인별 STAT'!AF:AF, '4월 삼척 개인별 STAT'!$D:$D, $D8, '4월 삼척 개인별 STAT'!$E:$E, $E8) -> 1 | AG8: =iferror((AE8/AD8)*100,"-") -> 88.888889 | AH8: =SUMIFS('3월 단양 개인별 STAT'!AH:AH, '3월 단양 개인별 STAT'!$D:$D, $D8, '3월 단양 개인별 STAT'!$E:$E, $E8) + SUMIFS('4월 삼척 개인별 STAT'!AH:AH, '4월 삼척 개인별 STAT'!$D:$D, $D8, '4월 삼척 개인별 STAT'!$E:$E, $E8) -> 5 | AI8: =IFERROR(IF(MOD(AH8/M8, 1)=0, TEXT(AH8/M8, "0"), TEXT(AH8/M8, "0.00")), "-") -> 0.83 | AL8: =iferror(N8/$M8,"-") -> 0 | AM8: =iferror(R8/$M8,"-") -> - | AN8: =iferror(N8/R8,"-") -> - | AO8: =iferror(T8/$M8,"-") -> 0 | AP8: =iferror(X8/$M8,"-") -> 0.16666667 | AQ8: =iferror(AB8/$M8,"-") -> 0.16666667 | AR8: =iferror(AC8/$M8,"-") -> 0.16666667 | AS8: =iferror(AF8/M8,"-") -> 0.16666667 | AT8: =AI8 -> 0.83
B9: 6 | C9: =if(D9=D8,C8+1,1) -> 6 | D9: 선명여고 | E9: 김예서 | F9: 3 | G9: OP | H9: - | I9: 181 | J9: 67 | K9: 9 | L9: =SUMIFS('3월 단양 개인별 STAT'!L:L, '3월 단양 개인별 STAT'!$D:$D, $D9, '3월 단양 개인별 STAT'!$E:$E, $E9) + SUMIFS('4월 삼척 개인별 STAT'!L:L, '4월 삼척 개인별 STAT'!$D:$D, $D9, '4월 삼척 개인별 STAT'!$E:$E, $E9) -> 2 | M9: =SUMIFS('3월 단양 개인별 STAT'!M:M, '3월 단양 개인별 STAT'!$D:$D, $D9, '3월 단양 개인별 STAT'!$E:$E, $E9) + SUMIFS('4월 삼척 개인별 STAT'!M:M, '4월 삼척 개인별 STAT'!$D:$D, $D9, '4월 삼척 개인별 STAT'!$E:$E, $E9) -> 4 | N9: =SUMIFS('3월 단양 개인별 STAT'!N:N, '3월 단양 개인별 STAT'!$D:$D, $D9, '3월 단양 개인별 STAT'!$E:$E, $E9) + SUMIFS('4월 삼척 개인별 STAT'!N:N, '4월 삼척 개인별 STAT'!$D:$D, $D9, '4월 삼척 개인별 STAT'!$E:$E, $E9) -> 0 | O9: =SUMIFS('3월 단양 개인별 STAT'!O:O, '3월 단양 개인별 STAT'!$D:$D, $D9, '3월 단양 개인별 STAT'!$E:$E, $E9) + SUMIFS('4월 삼척 개인별 STAT'!O:O, '4월 삼척 개인별 STAT'!$D:$D, $D9, '4월 삼척 개인별 STAT'!$E:$E, $E9) -> 0 | P9: =SUMIFS('3월 단양 개인별 STAT'!P:P, '3월 단양 개인별 STAT'!$D:$D, $D9, '3월 단양 개인별 STAT'!$E:$E, $E9) + SUMIFS('4월 삼척 개인별 STAT'!P:P, '4월 삼척 개인별 STAT'!$D:$D, $D9, '4월 삼척 개인별 STAT'!$E:$E, $E9) -> 0 | Q9: =SUMIFS('3월 단양 개인별 STAT'!Q:Q, '3월 단양 개인별 STAT'!$D:$D, $D9, '3월 단양 개인별 STAT'!$E:$E, $E9) + SUMIFS('4월 삼척 개인별 STAT'!Q:Q, '4월 삼척 개인별 STAT'!$D:$D, $D9, '4월 삼척 개인별 STAT'!$E:$E, $E9) -> 0 | R9: =if(Q9+P9+N9=0,"-",Q9+P9+N9) -> - | S9: =if(iferror((N9-Q9)/R9,0)=0,"-",round((N9-Q9)/R9,2)) -> - | T9: =SUMIFS('3월 단양 개인별 STAT'!T:T, '3월 단양 개인별 STAT'!$D:$D, $D9, '3월 단양 개인별 STAT'!$E:$E, $E9) + SUMIFS('4월 삼척 개인별 STAT'!T:T, '4월 삼척 개인별 STAT'!$D:$D, $D9, '4월 삼척 개인별 STAT'!$E:$E, $E9) -> 0 | U9: =SUMIFS('3월 단양 개인별 STAT'!U:U, '3월 단양 개인별 STAT'!$D:$D, $D9, '3월 단양 개인별 STAT'!$E:$E, $E9) + SUMIFS('4월 삼척 개인별 STAT'!U:U, '4월 삼척 개인별 STAT'!$D:$D, $D9, '4월 삼척 개인별 STAT'!$E:$E, $E9) -> 0 | V9: =SUMIFS('3월 단양 개인별 STAT'!V:V, '3월 단양 개인별 STAT'!$D:$D, $D9, '3월 단양 개인별 STAT'!$E:$E, $E9) + SUMIFS('4월 삼척 개인별 STAT'!V:V, '4월 삼척 개인별 STAT'!$D:$D, $D9, '4월 삼척 개인별 STAT'!$E:$E, $E9) -> 0 | W9: =SUMIFS('3월 단양 개인별 STAT'!W:W, '3월 단양 개인별 STAT'!$D:$D, $D9, '3월 단양 개인별 STAT'!$E:$E, $E9) + SUMIFS('4월 삼척 개인별 STAT'!W:W, '4월 삼척 개인별 STAT'!$D:$D, $D9, '4월 삼척 개인별 STAT'!$E:$E, $E9) -> 6 | X9: =SUMIFS('3월 단양 개인별 STAT'!X:X, '3월 단양 개인별 STAT'!$D:$D, $D9, '3월 단양 개인별 STAT'!$E:$E, $E9) + SUMIFS('4월 삼척 개인별 STAT'!X:X, '4월 삼척 개인별 STAT'!$D:$D, $D9, '4월 삼척 개인별 STAT'!$E:$E, $E9) -> 3 | Y9: =SUMIFS('3월 단양 개인별 STAT'!Y:Y, '3월 단양 개인별 STAT'!$D:$D, $D9, '3월 단양 개인별 STAT'!$E:$E, $E9) + SUMIFS('4월 삼척 개인별 STAT'!Y:Y, '4월 삼척 개인별 STAT'!$D:$D, $D9, '4월 삼척 개인별 STAT'!$E:$E, $E9) -> 1 | Z9: =IF(Y9+X9+W9=0,"-",Y9+X9+W9) -> 10 | AA9: =SUMIFS('3월 단양 개인별 STAT'!AA:AA, '3월 단양 개인별 STAT'!$D:$D, $D9, '3월 단양 개인별 STAT'!$E:$E, $E9) + SUMIFS('4월 삼척 개인별 STAT'!AA:AA, '4월 삼척 개인별 STAT'!$D:$D, $D9, '4월 삼척 개인별 STAT'!$E:$E, $E9) -> 0 | AB9: =if((T9+X9+N9)=0, "-",T9+X9+N9) -> 3 | AC9: =N9+T9+X9+(V9*0.75) -> 3 | AD9: =IF(AE9+AF9=0,"-",AE9+AF9) -> 1 | AE9: =SUMIFS('3월 단양 개인별 STAT'!AE:AE, '3월 단양 개인별 STAT'!$D:$D, $D9, '3월 단양 개인별 STAT'!$E:$E, $E9) + SUMIFS('4월 삼척 개인별 STAT'!AE:AE, '4월 삼척 개인별 STAT'!$D:$D, $D9, '4월 삼척 개인별 STAT'!$E:$E, $E9) -> 1 | AF9: =SUMIFS('3월 단양 개인별 STAT'!AF:AF, '3월 단양 개인별 STAT'!$D:$D, $D9, '3월 단양 개인별 STAT'!$E:$E, $E9) + SUMIFS('4월 삼척 개인별 STAT'!AF:AF, '4월 삼척 개인별 STAT'!$D:$D, $D9, '4월 삼척 개인별 STAT'!$E:$E, $E9) -> 0 | AG9: =iferror((AE9/AD9)*100,"-") -> 100 | AH9: =SUMIFS('3월 단양 개인별 STAT'!AH:AH, '3월 단양 개인별 STAT'!$D:$D, $D9, '3월 단양 개인별 STAT'!$E:$E, $E9) + SUMIFS('4월 삼척 개인별 STAT'!AH:AH, '4월 삼척 개인별 STAT'!$D:$D, $D9, '4월 삼척 개인별 STAT'!$E:$E, $E9) -> 0 | AI9: =IFERROR(IF(MOD(AH9/M9, 1)=0, TEXT(AH9/M9, "0"), TEXT(AH9/M9, "0.00")), "-") -> 0 | AL9: =iferror(N9/$M9,"-") -> 0 | AM9: =iferror(R9/$M9,"-") -> - | AN9: =iferror(N9/R9,"-") -> - | AO9: =iferror(T9/$M9,"-") -> 0 | AP9: =iferror(X9/$M9,"-") -> 0.75 | AQ9: =iferror(AB9/$M9,"-") -> 0.75 | AR9: =iferror(AC9/$M9,"-") -> 0.75 | AS9: =iferror(AF9/M9,"-") -> 0 | AT9: =AI9 -> 0
B10: 7 | C10: =if(D10=D9,C9+1,1) -> 7 | D10: 선명여고 | E10: 유정인 | F10: 2 | G10: MB | H10: - | I10: 183 | J10: 65 | K10: 10 | L10: =SUMIFS('3월 단양 개인별 STAT'!L:L, '3월 단양 개인별 STAT'!$D:$D, $D10, '3월 단양 개인별 STAT'!$E:$E, $E10) + SUMIFS('4월 삼척 개인별 STAT'!L:L, '4월 삼척 개인별 STAT'!$D:$D, $D10, '4월 삼척 개인별 STAT'!$E:$E, $E10) -> 1 | M10: =SUMIFS('3월 단양 개인별 STAT'!M:M, '3월 단양 개인별 STAT'!$D:$D, $D10, '3월 단양 개인별 STAT'!$E:$E, $E10) + SUMIFS('4월 삼척 개인별 STAT'!M:M, '4월 삼척 개인별 STAT'!$D:$D, $D10, '4월 삼척 개인별 STAT'!$E:$E, $E10) -> 3 | N10: =SUMIFS('3월 단양 개인별 STAT'!N:N, '3월 단양 개인별 STAT'!$D:$D, $D10, '3월 단양 개인별 STAT'!$E:$E, $E10) + SUMIFS('4월 삼척 개인별 STAT'!N:N, '4월 삼척 개인별 STAT'!$D:$D, $D10, '4월 삼척 개인별 STAT'!$E:$E, $E10) -> 8 | O10: =SUMIFS('3월 단양 개인별 STAT'!O:O, '3월 단양 개인별 STAT'!$D:$D, $D10, '3월 단양 개인별 STAT'!$E:$E, $E10) + SUMIFS('4월 삼척 개인별 STAT'!O:O, '4월 삼척 개인별 STAT'!$D:$D, $D10, '4월 삼척 개인별 STAT'!$E:$E, $E10) -> 0 | P10: =SUMIFS('3월 단양 개인별 STAT'!P:P, '3월 단양 개인별 STAT'!$D:$D, $D10, '3월 단양 개인별 STAT'!$E:$E, $E10) + SUMIFS('4월 삼척 개인별 STAT'!P:P, '4월 삼척 개인별 STAT'!$D:$D, $D10, '4월 삼척 개인별 STAT'!$E:$E, $E10) -> 3 | Q10: =SUMIFS('3월 단양 개인별 STAT'!Q:Q, '3월 단양 개인별 STAT'!$D:$D, $D10, '3월 단양 개인별 STAT'!$E:$E, $E10) + SUMIFS('4월 삼척 개인별 STAT'!Q:Q, '4월 삼척 개인별 STAT'!$D:$D, $D10, '4월 삼척 개인별 STAT'!$E:$E, $E10) -> 1 | R10: =if(Q10+P10+N10=0,"-",Q10+P10+N10) -> 12 | S10: =if(iferror((N10-Q10)/R10,0)=0,"-",round((N10-Q10)/R10,2)) -> 0.58 | T10: =SUMIFS('3월 단양 개인별 STAT'!T:T, '3월 단양 개인별 STAT'!$D:$D, $D10, '3월 단양 개인별 STAT'!$E:$E, $E10) + SUMIFS('4월 삼척 개인별 STAT'!T:T, '4월 삼척 개인별 STAT'!$D:$D, $D10, '4월 삼척 개인별 STAT'!$E:$E, $E10) -> 1 | U10: =SUMIFS('3월 단양 개인별 STAT'!U:U, '3월 단양 개인별 STAT'!$D:$D, $D10, '3월 단양 개인별 STAT'!$E:$E, $E10) + SUMIFS('4월 삼척 개인별 STAT'!U:U, '4월 삼척 개인별 STAT'!$D:$D, $D10, '4월 삼척 개인별 STAT'!$E:$E, $E10) -> 0 | V10: =SUMIFS('3월 단양 개인별 STAT'!V:V, '3월 단양 개인별 STAT'!$D:$D, $D10, '3월 단양 개인별 STAT'!$E:$E, $E10) + SUMIFS('4월 삼척 개인별 STAT'!V:V, '4월 삼척 개인별 STAT'!$D:$D, $D10, '4월 삼척 개인별 STAT'!$E:$E, $E10) -> 0 | W10: =SUMIFS('3월 단양 개인별 STAT'!W:W, '3월 단양 개인별 STAT'!$D:$D, $D10, '3월 단양 개인별 STAT'!$E:$E, $E10) + SUMIFS('4월 삼척 개인별 STAT'!W:W, '4월 삼척 개인별 STAT'!$D:$D, $D10, '4월 삼척 개인별 STAT'!$E:$E, $E10) -> 2 | X10: =SUMIFS('3월 단양 개인별 STAT'!X:X, '3월 단양 개인별 STAT'!$D:$D, $D10, '3월 단양 개인별 STAT'!$E:$E, $E10) + SUMIFS('4월 삼척 개인별 STAT'!X:X, '4월 삼척 개인별 STAT'!$D:$D, $D10, '4월 삼척 개인별 STAT'!$E:$E, $E10) -> 0 | Y10: =SUMIFS('3월 단양 개인별 STAT'!Y:Y, '3월 단양 개인별 STAT'!$D:$D, $D10, '3월 단양 개인별 STAT'!$E:$E, $E10) + SUMIFS('4월 삼척 개인별 STAT'!Y:Y, '4월 삼척 개인별 STAT'!$D:$D, $D10, '4월 삼척 개인별 STAT'!$E:$E, $E10) -> 0 | Z10: =IF(Y10+X10+W10=0,"-",Y10+X10+W10) -> 2 | AA10: =SUMIFS('3월 단양 개인별 STAT'!AA:AA, '3월 단양 개인별 STAT'!$D:$D, $D10, '3월 단양 개인별 STAT'!$E:$E, $E10) + SUMIFS('4월 삼척 개인별 STAT'!AA:AA, '4월 삼척 개인별 STAT'!$D:$D, $D10, '4월 삼척 개인별 STAT'!$E:$E, $E10) -> 0 | AB10: =if((T10+X10+N10)=0, "-",T10+X10+N10) -> 9 | AC10: =N10+T10+X10+(V10*0.75) -> 9 | AD10: =IF(AE10+AF10=0,"-",AE10+AF10) -> - | AE10: =SUMIFS('3월 단양 개인별 STAT'!AE:AE, '3월 단양 개인별 STAT'!$D:$D, $D10, '3월 단양 개인별 STAT'!$E:$E, $E10) + SUMIFS('4월 삼척 개인별 STAT'!AE:AE, '4월 삼척 개인별 STAT'!$D:$D, $D10, '4월 삼척 개인별 STAT'!$E:$E, $E10) -> 0 | AF10: =SUMIFS('3월 단양 개인별 STAT'!AF:AF, '3월 단양 개인별 STAT'!$D:$D, $D10, '3월 단양 개인별 STAT'!$E:$E, $E10) + SUMIFS('4월 삼척 개인별 STAT'!AF:AF, '4월 삼척 개인별 STAT'!$D:$D, $D10, '4월 삼척 개인별 STAT'!$E:$E, $E10) -> 0 | AG10: =iferror((AE10/AD10)*100,"-") -> - | AH10: =SUMIFS('3월 단양 개인별 STAT'!AH:AH, '3월 단양 개인별 STAT'!$D:$D, $D10, '3월 단양 개인별 STAT'!$E:$E, $E10) + SUMIFS('4월 삼척 개인별 STAT'!AH:AH, '4월 삼척 개인별 STAT'!$D:$D, $D10, '4월 삼척 개인별 STAT'!$E:$E, $E10) -> 1 | AI10: =IFERROR(IF(MOD(AH10/M10, 1)=0, TEXT(AH10/M10, "0"), TEXT(AH10/M10, "0.00")), "-") -> 0.33 | AL10: =iferror(N10/$M10,"-") -> 2.6666667 | AM10: =iferror(R10/$M10,"-") -> 4 | AN10: =iferror(N10/R10,"-") -> 0.66666667 | AO10: =iferror(T10/$M10,"-") -> 0.33333333 | AP10: =iferror(X10/$M10,"-") -> 0 | AQ10: =iferror(AB10/$M10,"-") -> 3 | AR10: =iferror(AC10/$M10,"-") -> 3 | AS10: =iferror(AF10/M10,"-") -> 0 | AT10: =AI10 -> 0.33
B11: 8 | C11: =if(D11=D10,C10+1,1) -> 8 | D11: 선명여고 | E11: 이서인 | F11: 1 | G11: S | H11: - | I11: 178 | J11: 64 | K11: 11 | L11: =SUMIFS('3월 단양 개인별 STAT'!L:L, '3월 단양 개인별 STAT'!$D:$D, $D11, '3월 단양 개인별 STAT'!$E:$E, $E11) + SUMIFS('4월 삼척 개인별 STAT'!L:L, '4월 삼척 개인별 STAT'!$D:$D, $D11, '4월 삼척 개인별 STAT'!$E:$E, $E11) -> 1 | M11: =SUMIFS('3월 단양 개인별 STAT'!M:M, '3월 단양 개인별 STAT'!$D:$D, $D11, '3월 단양 개인별 STAT'!$E:$E, $E11) + SUMIFS('4월 삼척 개인별 STAT'!M:M, '4월 삼척 개인별 STAT'!$D:$D, $D11, '4월 삼척 개인별 STAT'!$E:$E, $E11) -> 2 | N11: =SUMIFS('3월 단양 개인별 STAT'!N:N, '3월 단양 개인별 STAT'!$D:$D, $D11, '3월 단양 개인별 STAT'!$E:$E, $E11) + SUMIFS('4월 삼척 개인별 STAT'!N:N, '4월 삼척 개인별 STAT'!$D:$D, $D11, '4월 삼척 개인별 STAT'!$E:$E, $E11) -> 0 | O11: =SUMIFS('3월 단양 개인별 STAT'!O:O, '3월 단양 개인별 STAT'!$D:$D, $D11, '3월 단양 개인별 STAT'!$E:$E, $E11) + SUMIFS('4월 삼척 개인별 STAT'!O:O, '4월 삼척 개인별 STAT'!$D:$D, $D11, '4월 삼척 개인별 STAT'!$E:$E, $E11) -> 17 | P11: =SUMIFS('3월 단양 개인별 STAT'!P:P, '3월 단양 개인별 STAT'!$D:$D, $D11, '3월 단양 개인별 STAT'!$E:$E, $E11) + SUMIFS('4월 삼척 개인별 STAT'!P:P, '4월 삼척 개인별 STAT'!$D:$D, $D11, '4월 삼척 개인별 STAT'!$E:$E, $E11) -> 2 | Q11: =SUMIFS('3월 단양 개인별 STAT'!Q:Q, '3월 단양 개인별 STAT'!$D:$D, $D11, '3월 단양 개인별 STAT'!$E:$E, $E11) + SUMIFS('4월 삼척 개인별 STAT'!Q:Q, '4월 삼척 개인별 STAT'!$D:$D, $D11, '4월 삼척 개인별 STAT'!$E:$E, $E11) -> 1 | R11: =if(Q11+P11+N11=0,"-",Q11+P11+N11) -> 3 | S11: =if(iferror((N11-Q11)/R11,0)=0,"-",round((N11-Q11)/R11,2)) -> -0.33 | T11: =SUMIFS('3월 단양 개인별 STAT'!T:T, '3월 단양 개인별 STAT'!$D:$D, $D11, '3월 단양 개인별 STAT'!$E:$E, $E11) + SUMIFS('4월 삼척 개인별 STAT'!T:T, '4월 삼척 개인별 STAT'!$D:$D, $D11, '4월 삼척 개인별 STAT'!$E:$E, $E11) -> 0 | U11: =SUMIFS('3월 단양 개인별 STAT'!U:U, '3월 단양 개인별 STAT'!$D:$D, $D11, '3월 단양 개인별 STAT'!$E:$E, $E11) + SUMIFS('4월 삼척 개인별 STAT'!U:U, '4월 삼척 개인별 STAT'!$D:$D, $D11, '4월 삼척 개인별 STAT'!$E:$E, $E11) -> 0 | V11: =SUMIFS('3월 단양 개인별 STAT'!V:V, '3월 단양 개인별 STAT'!$D:$D, $D11, '3월 단양 개인별 STAT'!$E:$E, $E11) + SUMIFS('4월 삼척 개인별 STAT'!V:V, '4월 삼척 개인별 STAT'!$D:$D, $D11, '4월 삼척 개인별 STAT'!$E:$E, $E11) -> 0 | W11: =SUMIFS('3월 단양 개인별 STAT'!W:W, '3월 단양 개인별 STAT'!$D:$D, $D11, '3월 단양 개인별 STAT'!$E:$E, $E11) + SUMIFS('4월 삼척 개인별 STAT'!W:W, '4월 삼척 개인별 STAT'!$D:$D, $D11, '4월 삼척 개인별 STAT'!$E:$E, $E11) -> 3 | X11: =SUMIFS('3월 단양 개인별 STAT'!X:X, '3월 단양 개인별 STAT'!$D:$D, $D11, '3월 단양 개인별 STAT'!$E:$E, $E11) + SUMIFS('4월 삼척 개인별 STAT'!X:X, '4월 삼척 개인별 STAT'!$D:$D, $D11, '4월 삼척 개인별 STAT'!$E:$E, $E11) -> 0 | Y11: =SUMIFS('3월 단양 개인별 STAT'!Y:Y, '3월 단양 개인별 STAT'!$D:$D, $D11, '3월 단양 개인별 STAT'!$E:$E, $E11) + SUMIFS('4월 삼척 개인별 STAT'!Y:Y, '4월 삼척 개인별 STAT'!$D:$D, $D11, '4월 삼척 개인별 STAT'!$E:$E, $E11) -> 1 | Z11: =IF(Y11+X11+W11=0,"-",Y11+X11+W11) -> 4 | AA11: =SUMIFS('3월 단양 개인별 STAT'!AA:AA, '3월 단양 개인별 STAT'!$D:$D, $D11, '3월 단양 개인별 STAT'!$E:$E, $E11) + SUMIFS('4월 삼척 개인별 STAT'!AA:AA, '4월 삼척 개인별 STAT'!$D:$D, $D11, '4월 삼척 개인별 STAT'!$E:$E, $E11) -> 1 | AB11: =if((T11+X11+N11)=0, "-",T11+X11+N11) -> - | AC11: =N11+T11+X11+(V11*0.75) -> 0 | AD11: =IF(AE11+AF11=0,"-",AE11+AF11) -> 2 | AE11: =SUMIFS('3월 단양 개인별 STAT'!AE:AE, '3월 단양 개인별 STAT'!$D:$D, $D11, '3월 단양 개인별 STAT'!$E:$E, $E11) + SUMIFS('4월 삼척 개인별 STAT'!AE:AE, '4월 삼척 개인별 STAT'!$D:$D, $D11, '4월 삼척 개인별 STAT'!$E:$E, $E11) -> 1 | AF11: =SUMIFS('3월 단양 개인별 STAT'!AF:AF, '3월 단양 개인별 STAT'!$D:$D, $D11, '3월 단양 개인별 STAT'!$E:$E, $E11) + SUMIFS('4월 삼척 개인별 STAT'!AF:AF, '4월 삼척 개인별 STAT'!$D:$D, $D11, '4월 삼척 개인별 STAT'!$E:$E, $E11) -> 1 | AG11: =iferror((AE11/AD11)*100,"-") -> 50 | AH11: =SUMIFS('3월 단양 개인별 STAT'!AH:AH, '3월 단양 개인별 STAT'!$D:$D, $D11, '3월 단양 개인별 STAT'!$E:$E, $E11) + SUMIFS('4월 삼척 개인별 STAT'!AH:AH, '4월 삼척 개인별 STAT'!$D:$D, $D11, '4월 삼척 개인별 STAT'!$E:$E, $E11) -> 4 | AI11: =IFERROR(IF(MOD(AH11/M11, 1)=0, TEXT(AH11/M11, "0"), TEXT(AH11/M11, "0.00")), "-") -> 2 | AL11: =iferror(N11/$M11,"-") -> 0 | AM11: =iferror(R11/$M11,"-") -> 1.5 | AN11: =iferror(N11/R11,"-") -> 0 | AO11: =iferror(T11/$M11,"-") -> 0 | AP11: =iferror(X11/$M11,"-") -> 0 | AQ11: =iferror(AB11/$M11,"-") -> - | AR11: =iferror(AC11/$M11,"-") -> 0 | AS11: =iferror(AF11/M11,"-") -> 0.5 | AT11: =AI11 -> 2
B12: 9 | C12: =if(D12=D11,C11+1,1) -> 9 | D12: 선명여고 | E12: 박은빈 | F12: 3 | G12: OH | H12: - | I12: 182 | J12: 67 | K12: 12 | L12: =SUMIFS('3월 단양 개인별 STAT'!L:L, '3월 단양 개인별 STAT'!$D:$D, $D12, '3월 단양 개인별 STAT'!$E:$E, $E12) + SUMIFS('4월 삼척 개인별 STAT'!L:L, '4월 삼척 개인별 STAT'!$D:$D, $D12, '4월 삼척 개인별 STAT'!$E:$E, $E12) -> 2 | M12: =SUMIFS('3월 단양 개인별 STAT'!M:M, '3월 단양 개인별 STAT'!$D:$D, $D12, '3월 단양 개인별 STAT'!$E:$E, $E12) + SUMIFS('4월 삼척 개인별 STAT'!M:M, '4월 삼척 개인별 STAT'!$D:$D, $D12, '4월 삼척 개인별 STAT'!$E:$E, $E12) -> 7 | N12: =SUMIFS('3월 단양 개인별 STAT'!N:N, '3월 단양 개인별 STAT'!$D:$D, $D12, '3월 단양 개인별 STAT'!$E:$E, $E12) + SUMIFS('4월 삼척 개인별 STAT'!N:N, '4월 삼척 개인별 STAT'!$D:$D, $D12, '4월 삼척 개인별 STAT'!$E:$E, $E12) -> 32 | O12: =SUMIFS('3월 단양 개인별 STAT'!O:O, '3월 단양 개인별 STAT'!$D:$D, $D12, '3월 단양 개인별 STAT'!$E:$E, $E12) + SUMIFS('4월 삼척 개인별 STAT'!O:O, '4월 삼척 개인별 STAT'!$D:$D, $D12, '4월 삼척 개인별 STAT'!$E:$E, $E12) -> 2 | P12: =SUMIFS('3월 단양 개인별 STAT'!P:P, '3월 단양 개인별 STAT'!$D:$D, $D12, '3월 단양 개인별 STAT'!$E:$E, $E12) + SUMIFS('4월 삼척 개인별 STAT'!P:P, '4월 삼척 개인별 STAT'!$D:$D, $D12, '4월 삼척 개인별 STAT'!$E:$E, $E12) -> 34 | Q12: =SUMIFS('3월 단양 개인별 STAT'!Q:Q, '3월 단양 개인별 STAT'!$D:$D, $D12, '3월 단양 개인별 STAT'!$E:$E, $E12) + SUMIFS('4월 삼척 개인별 STAT'!Q:Q, '4월 삼척 개인별 STAT'!$D:$D, $D12, '4월 삼척 개인별 STAT'!$E:$E, $E12) -> 13 | R12: =if(Q12+P12+N12=0,"-",Q12+P12+N12) -> 79 | S12: =if(iferror((N12-Q12)/R12,0)=0,"-",round((N12-Q12)/R12,2)) -> 0.24 | T12: =SUMIFS('3월 단양 개인별 STAT'!T:T, '3월 단양 개인별 STAT'!$D:$D, $D12, '3월 단양 개인별 STAT'!$E:$E, $E12) + SUMIFS('4월 삼척 개인별 STAT'!T:T, '4월 삼척 개인별 STAT'!$D:$D, $D12, '4월 삼척 개인별 STAT'!$E:$E, $E12) -> 2 | U12: =SUMIFS('3월 단양 개인별 STAT'!U:U, '3월 단양 개인별 STAT'!$D:$D, $D12, '3월 단양 개인별 STAT'!$E:$E, $E12) + SUMIFS('4월 삼척 개인별 STAT'!U:U, '4월 삼척 개인별 STAT'!$D:$D, $D12, '4월 삼척 개인별 STAT'!$E:$E, $E12) -> 1 | V12: =SUMIFS('3월 단양 개인별 STAT'!V:V, '3월 단양 개인별 STAT'!$D:$D, $D12, '3월 단양 개인별 STAT'!$E:$E, $E12) + SUMIFS('4월 삼척 개인별 STAT'!V:V, '4월 삼척 개인별 STAT'!$D:$D, $D12, '4월 삼척 개인별 STAT'!$E:$E, $E12) -> 0 | W12: =SUMIFS('3월 단양 개인별 STAT'!W:W, '3월 단양 개인별 STAT'!$D:$D, $D12, '3월 단양 개인별 STAT'!$E:$E, $E12) + SUMIFS('4월 삼척 개인별 STAT'!W:W, '4월 삼척 개인별 STAT'!$D:$D, $D12, '4월 삼척 개인별 STAT'!$E:$E, $E12) -> 18 | X12: =SUMIFS('3월 단양 개인별 STAT'!X:X, '3월 단양 개인별 STAT'!$D:$D, $D12, '3월 단양 개인별 STAT'!$E:$E, $E12) + SUMIFS('4월 삼척 개인별 STAT'!X:X, '4월 삼척 개인별 STAT'!$D:$D, $D12, '4월 삼척 개인별 STAT'!$E:$E, $E12) -> 1 | Y12: =SUMIFS('3월 단양 개인별 STAT'!Y:Y, '3월 단양 개인별 STAT'!$D:$D, $D12, '3월 단양 개인별 STAT'!$E:$E, $E12) + SUMIFS('4월 삼척 개인별 STAT'!Y:Y, '4월 삼척 개인별 STAT'!$D:$D, $D12, '4월 삼척 개인별 STAT'!$E:$E, $E12) -> 2 | Z12: =IF(Y12+X12+W12=0,"-",Y12+X12+W12) -> 21 | AA12: =SUMIFS('3월 단양 개인별 STAT'!AA:AA, '3월 단양 개인별 STAT'!$D:$D, $D12, '3월 단양 개인별 STAT'!$E:$E, $E12) + SUMIFS('4월 삼척 개인별 STAT'!AA:AA, '4월 삼척 개인별 STAT'!$D:$D, $D12, '4월 삼척 개인별 STAT'!$E:$E, $E12) -> 0 | AB12: =if((T12+X12+N12)=0, "-",T12+X12+N12) -> 35 | AC12: =N12+T12+X12+(V12*0.75) -> 35 | AD12: =IF(AE12+AF12=0,"-",AE12+AF12) -> 26 | AE12: =SUMIFS('3월 단양 개인별 STAT'!AE:AE, '3월 단양 개인별 STAT'!$D:$D, $D12, '3월 단양 개인별 STAT'!$E:$E, $E12) + SUMIFS('4월 삼척 개인별 STAT'!AE:AE, '4월 삼척 개인별 STAT'!$D:$D, $D12, '4월 삼척 개인별 STAT'!$E:$E, $E12) -> 23 | AF12: =SUMIFS('3월 단양 개인별 STAT'!AF:AF, '3월 단양 개인별 STAT'!$D:$D, $D12, '3월 단양 개인별 STAT'!$E:$E, $E12) + SUMIFS('4월 삼척 개인별 STAT'!AF:AF, '4월 삼척 개인별 STAT'!$D:$D, $D12, '4월 삼척 개인별 STAT'!$E:$E, $E12) -> 3 | AG12: =iferror((AE12/AD12)*100,"-") -> 88.461538 | AH12: =SUMIFS('3월 단양 개인별 STAT'!AH:AH, '3월 단양 개인별 STAT'!$D:$D, $D12, '3월 단양 개인별 STAT'!$E:$E, $E12) + SUMIFS('4월 삼척 개인별 STAT'!AH:AH, '4월 삼척 개인별 STAT'!$D:$D, $D12, '4월 삼척 개인별 STAT'!$E:$E, $E12) -> 11 | AI12: =IFERROR(IF(MOD(AH12/M12, 1)=0, TEXT(AH12/M12, "0"), TEXT(AH12/M12, "0.00")), "-") -> 1.57 | AL12: =iferror(N12/$M12,"-") -> 4.5714286 | AM12: =iferror(R12/$M12,"-") -> 11.285714 | AN12: =iferror(N12/R12,"-") -> 0.40506329 | AO12: =iferror(T12/$M12,"-") -> 0.28571429 | AP12: =iferror(X12/$M12,"-") -> 0.14285714 | AQ12: =iferror(AB12/$M12,"-") -> 5 | AR12: =iferror(AC12/$M12,"-") -> 5 | AS12: =iferror(AF12/M12,"-") -> 0.42857143 | AT12: =AI12 -> 1.57
B13: 10 | C13: =if(D13=D12,C12+1,1) -> 10 | D13: 선명여고 | E13: 김태경 | F13: 2 | G13: OP | H13: MB | I13: 184 | J13: 68 | K13: 13 | L13: =SUMIFS('3월 단양 개인별 STAT'!L:L, '3월 단양 개인별 STAT'!$D:$D, $D13, '3월 단양 개인별 STAT'!$E:$E, $E13) + SUMIFS('4월 삼척 개인별 STAT'!L:L, '4월 삼척 개인별 STAT'!$D:$D, $D13, '4월 삼척 개인별 STAT'!$E:$E, $E13) -> 2 | M13: =SUMIFS('3월 단양 개인별 STAT'!M:M, '3월 단양 개인별 STAT'!$D:$D, $D13, '3월 단양 개인별 STAT'!$E:$E, $E13) + SUMIFS('4월 삼척 개인별 STAT'!M:M, '4월 삼척 개인별 STAT'!$D:$D, $D13, '4월 삼척 개인별 STAT'!$E:$E, $E13) -> 7 | N13: =SUMIFS('3월 단양 개인별 STAT'!N:N, '3월 단양 개인별 STAT'!$D:$D, $D13, '3월 단양 개인별 STAT'!$E:$E, $E13) + SUMIFS('4월 삼척 개인별 STAT'!N:N, '4월 삼척 개인별 STAT'!$D:$D, $D13, '4월 삼척 개인별 STAT'!$E:$E, $E13) -> 12 | O13: =SUMIFS('3월 단양 개인별 STAT'!O:O, '3월 단양 개인별 STAT'!$D:$D, $D13, '3월 단양 개인별 STAT'!$E:$E, $E13) + SUMIFS('4월 삼척 개인별 STAT'!O:O, '4월 삼척 개인별 STAT'!$D:$D, $D13, '4월 삼척 개인별 STAT'!$E:$E, $E13) -> 1 | P13: =SUMIFS('3월 단양 개인별 STAT'!P:P, '3월 단양 개인별 STAT'!$D:$D, $D13, '3월 단양 개인별 STAT'!$E:$E, $E13) + SUMIFS('4월 삼척 개인별 STAT'!P:P, '4월 삼척 개인별 STAT'!$D:$D, $D13, '4월 삼척 개인별 STAT'!$E:$E, $E13) -> 14 | Q13: =SUMIFS('3월 단양 개인별 STAT'!Q:Q, '3월 단양 개인별 STAT'!$D:$D, $D13, '3월 단양 개인별 STAT'!$E:$E, $E13) + SUMIFS('4월 삼척 개인별 STAT'!Q:Q, '4월 삼척 개인별 STAT'!$D:$D, $D13, '4월 삼척 개인별 STAT'!$E:$E, $E13) -> 3 | R13: =if(Q13+P13+N13=0,"-",Q13+P13+N13) -> 29 | S13: =if(iferror((N13-Q13)/R13,0)=0,"-",round((N13-Q13)/R13,2)) -> 0.31 | T13: =SUMIFS('3월 단양 개인별 STAT'!T:T, '3월 단양 개인별 STAT'!$D:$D, $D13, '3월 단양 개인별 STAT'!$E:$E, $E13) + SUMIFS('4월 삼척 개인별 STAT'!T:T, '4월 삼척 개인별 STAT'!$D:$D, $D13, '4월 삼척 개인별 STAT'!$E:$E, $E13) -> 2 | U13: =SUMIFS('3월 단양 개인별 STAT'!U:U, '3월 단양 개인별 STAT'!$D:$D, $D13, '3월 단양 개인별 STAT'!$E:$E, $E13) + SUMIFS('4월 삼척 개인별 STAT'!U:U, '4월 삼척 개인별 STAT'!$D:$D, $D13, '4월 삼척 개인별 STAT'!$E:$E, $E13) -> 0 | V13: =SUMIFS('3월 단양 개인별 STAT'!V:V, '3월 단양 개인별 STAT'!$D:$D, $D13, '3월 단양 개인별 STAT'!$E:$E, $E13) + SUMIFS('4월 삼척 개인별 STAT'!V:V, '4월 삼척 개인별 STAT'!$D:$D, $D13, '4월 삼척 개인별 STAT'!$E:$E, $E13) -> 0 | W13: =SUMIFS('3월 단양 개인별 STAT'!W:W, '3월 단양 개인별 STAT'!$D:$D, $D13, '3월 단양 개인별 STAT'!$E:$E, $E13) + SUMIFS('4월 삼척 개인별 STAT'!W:W, '4월 삼척 개인별 STAT'!$D:$D, $D13, '4월 삼척 개인별 STAT'!$E:$E, $E13) -> 6 | X13: =SUMIFS('3월 단양 개인별 STAT'!X:X, '3월 단양 개인별 STAT'!$D:$D, $D13, '3월 단양 개인별 STAT'!$E:$E, $E13) + SUMIFS('4월 삼척 개인별 STAT'!X:X, '4월 삼척 개인별 STAT'!$D:$D, $D13, '4월 삼척 개인별 STAT'!$E:$E, $E13) -> 0 | Y13: =SUMIFS('3월 단양 개인별 STAT'!Y:Y, '3월 단양 개인별 STAT'!$D:$D, $D13, '3월 단양 개인별 STAT'!$E:$E, $E13) + SUMIFS('4월 삼척 개인별 STAT'!Y:Y, '4월 삼척 개인별 STAT'!$D:$D, $D13, '4월 삼척 개인별 STAT'!$E:$E, $E13) -> 5 | Z13: =IF(Y13+X13+W13=0,"-",Y13+X13+W13) -> 11 | AA13: =SUMIFS('3월 단양 개인별 STAT'!AA:AA, '3월 단양 개인별 STAT'!$D:$D, $D13, '3월 단양 개인별 STAT'!$E:$E, $E13) + SUMIFS('4월 삼척 개인별 STAT'!AA:AA, '4월 삼척 개인별 STAT'!$D:$D, $D13, '4월 삼척 개인별 STAT'!$E:$E, $E13) -> 1 | AB13: =if((T13+X13+N13)=0, "-",T13+X13+N13) -> 14 | AC13: =N13+T13+X13+(V13*0.75) -> 14 | AD13: =IF(AE13+AF13=0,"-",AE13+AF13) -> 5 | AE13: =SUMIFS('3월 단양 개인별 STAT'!AE:AE, '3월 단양 개인별 STAT'!$D:$D, $D13, '3월 단양 개인별 STAT'!$E:$E, $E13) + SUMIFS('4월 삼척 개인별 STAT'!AE:AE, '4월 삼척 개인별 STAT'!$D:$D, $D13, '4월 삼척 개인별 STAT'!$E:$E, $E13) -> 4 | AF13: =SUMIFS('3월 단양 개인별 STAT'!AF:AF, '3월 단양 개인별 STAT'!$D:$D, $D13, '3월 단양 개인별 STAT'!$E:$E, $E13) + SUMIFS('4월 삼척 개인별 STAT'!AF:AF, '4월 삼척 개인별 STAT'!$D:$D, $D13, '4월 삼척 개인별 STAT'!$E:$E, $E13) -> 1 | AG13: =iferror((AE13/AD13)*100,"-") -> 80 | AH13: =SUMIFS('3월 단양 개인별 STAT'!AH:AH, '3월 단양 개인별 STAT'!$D:$D, $D13, '3월 단양 개인별 STAT'!$E:$E, $E13) + SUMIFS('4월 삼척 개인별 STAT'!AH:AH, '4월 삼척 개인별 STAT'!$D:$D, $D13, '4월 삼척 개인별 STAT'!$E:$E, $E13) -> 7 | AI13: =IFERROR(IF(MOD(AH13/M13, 1)=0, TEXT(AH13/M13, "0"), TEXT(AH13/M13, "0.00")), "-") -> 1 | AL13: =iferror(N13/$M13,"-") -> 1.7142857 | AM13: =iferror(R13/$M13,"-") -> 4.1428571 | AN13: =iferror(N13/R13,"-") -> 0.4137931 | AO13: =iferror(T13/$M13,"-") -> 0.28571429 | AP13: =iferror(X13/$M13,"-") -> 0 | AQ13: =iferror(AB13/$M13,"-") -> 2 | AR13: =iferror(AC13/$M13,"-") -> 2 | AS13: =iferror(AF13/M13,"-") -> 0.14285714 | AT13: =AI13 -> 1
B14: 11 | C14: =if(D14=D13,C13+1,1) -> 11 | D14: 선명여고 | E14: 정세희 | F14: 3 | G14: S | H14: - | I14: 174 | J14: 60 | K14: 14 | L14: =SUMIFS('3월 단양 개인별 STAT'!L:L, '3월 단양 개인별 STAT'!$D:$D, $D14, '3월 단양 개인별 STAT'!$E:$E, $E14) + SUMIFS('4월 삼척 개인별 STAT'!L:L, '4월 삼척 개인별 STAT'!$D:$D, $D14, '4월 삼척 개인별 STAT'!$E:$E, $E14) -> 2 | M14: =SUMIFS('3월 단양 개인별 STAT'!M:M, '3월 단양 개인별 STAT'!$D:$D, $D14, '3월 단양 개인별 STAT'!$E:$E, $E14) + SUMIFS('4월 삼척 개인별 STAT'!M:M, '4월 삼척 개인별 STAT'!$D:$D, $D14, '4월 삼척 개인별 STAT'!$E:$E, $E14) -> 6 | N14: =SUMIFS('3월 단양 개인별 STAT'!N:N, '3월 단양 개인별 STAT'!$D:$D, $D14, '3월 단양 개인별 STAT'!$E:$E, $E14) + SUMIFS('4월 삼척 개인별 STAT'!N:N, '4월 삼척 개인별 STAT'!$D:$D, $D14, '4월 삼척 개인별 STAT'!$E:$E, $E14) -> 1 | O14: =SUMIFS('3월 단양 개인별 STAT'!O:O, '3월 단양 개인별 STAT'!$D:$D, $D14, '3월 단양 개인별 STAT'!$E:$E, $E14) + SUMIFS('4월 삼척 개인별 STAT'!O:O, '4월 삼척 개인별 STAT'!$D:$D, $D14, '4월 삼척 개인별 STAT'!$E:$E, $E14) -> 55 | P14: =SUMIFS('3월 단양 개인별 STAT'!P:P, '3월 단양 개인별 STAT'!$D:$D, $D14, '3월 단양 개인별 STAT'!$E:$E, $E14) + SUMIFS('4월 삼척 개인별 STAT'!P:P, '4월 삼척 개인별 STAT'!$D:$D, $D14, '4월 삼척 개인별 STAT'!$E:$E, $E14) -> 2 | Q14: =SUMIFS('3월 단양 개인별 STAT'!Q:Q, '3월 단양 개인별 STAT'!$D:$D, $D14, '3월 단양 개인별 STAT'!$E:$E, $E14) + SUMIFS('4월 삼척 개인별 STAT'!Q:Q, '4월 삼척 개인별 STAT'!$D:$D, $D14, '4월 삼척 개인별 STAT'!$E:$E, $E14) -> 0 | R14: =if(Q14+P14+N14=0,"-",Q14+P14+N14) -> 3 | S14: =if(iferror((N14-Q14)/R14,0)=0,"-",round((N14-Q14)/R14,2)) -> 0.33 | T14: =SUMIFS('3월 단양 개인별 STAT'!T:T, '3월 단양 개인별 STAT'!$D:$D, $D14, '3월 단양 개인별 STAT'!$E:$E, $E14) + SUMIFS('4월 삼척 개인별 STAT'!T:T, '4월 삼척 개인별 STAT'!$D:$D, $D14, '4월 삼척 개인별 STAT'!$E:$E, $E14) -> 0 | U14: =SUMIFS('3월 단양 개인별 STAT'!U:U, '3월 단양 개인별 STAT'!$D:$D, $D14, '3월 단양 개인별 STAT'!$E:$E, $E14) + SUMIFS('4월 삼척 개인별 STAT'!U:U, '4월 삼척 개인별 STAT'!$D:$D, $D14, '4월 삼척 개인별 STAT'!$E:$E, $E14) -> 0 | V14: =SUMIFS('3월 단양 개인별 STAT'!V:V, '3월 단양 개인별 STAT'!$D:$D, $D14, '3월 단양 개인별 STAT'!$E:$E, $E14) + SUMIFS('4월 삼척 개인별 STAT'!V:V, '4월 삼척 개인별 STAT'!$D:$D, $D14, '4월 삼척 개인별 STAT'!$E:$E, $E14) -> 0 | W14: =SUMIFS('3월 단양 개인별 STAT'!W:W, '3월 단양 개인별 STAT'!$D:$D, $D14, '3월 단양 개인별 STAT'!$E:$E, $E14) + SUMIFS('4월 삼척 개인별 STAT'!W:W, '4월 삼척 개인별 STAT'!$D:$D, $D14, '4월 삼척 개인별 STAT'!$E:$E, $E14) -> 32 | X14: =SUMIFS('3월 단양 개인별 STAT'!X:X, '3월 단양 개인별 STAT'!$D:$D, $D14, '3월 단양 개인별 STAT'!$E:$E, $E14) + SUMIFS('4월 삼척 개인별 STAT'!X:X, '4월 삼척 개인별 STAT'!$D:$D, $D14, '4월 삼척 개인별 STAT'!$E:$E, $E14) -> 1 | Y14: =SUMIFS('3월 단양 개인별 STAT'!Y:Y, '3월 단양 개인별 STAT'!$D:$D, $D14, '3월 단양 개인별 STAT'!$E:$E, $E14) + SUMIFS('4월 삼척 개인별 STAT'!Y:Y, '4월 삼척 개인별 STAT'!$D:$D, $D14, '4월 삼척 개인별 STAT'!$E:$E, $E14) -> 2 | Z14: =IF(Y14+X14+W14=0,"-",Y14+X14+W14) -> 35 | AA14: =SUMIFS('3월 단양 개인별 STAT'!AA:AA, '3월 단양 개인별 STAT'!$D:$D, $D14, '3월 단양 개인별 STAT'!$E:$E, $E14) + SUMIFS('4월 삼척 개인별 STAT'!AA:AA, '4월 삼척 개인별 STAT'!$D:$D, $D14, '4월 삼척 개인별 STAT'!$E:$E, $E14) -> 0 | AB14: =if((T14+X14+N14)=0, "-",T14+X14+N14) -> 2 | AC14: =N14+T14+X14+(V14*0.75) -> 2 | AD14: =IF(AE14+AF14=0,"-",AE14+AF14) -> - | AE14: =SUMIFS('3월 단양 개인별 STAT'!AE:AE, '3월 단양 개인별 STAT'!$D:$D, $D14, '3월 단양 개인별 STAT'!$E:$E, $E14) + SUMIFS('4월 삼척 개인별 STAT'!AE:AE, '4월 삼척 개인별 STAT'!$D:$D, $D14, '4월 삼척 개인별 STAT'!$E:$E, $E14) -> 0 | AF14: =SUMIFS('3월 단양 개인별 STAT'!AF:AF, '3월 단양 개인별 STAT'!$D:$D, $D14, '3월 단양 개인별 STAT'!$E:$E, $E14) + SUMIFS('4월 삼척 개인별 STAT'!AF:AF, '4월 삼척 개인별 STAT'!$D:$D, $D14, '4월 삼척 개인별 STAT'!$E:$E, $E14) -> 0 | AG14: =iferror((AE14/AD14)*100,"-") -> - | AH14: =SUMIFS('3월 단양 개인별 STAT'!AH:AH, '3월 단양 개인별 STAT'!$D:$D, $D14, '3월 단양 개인별 STAT'!$E:$E, $E14) + SUMIFS('4월 삼척 개인별 STAT'!AH:AH, '4월 삼척 개인별 STAT'!$D:$D, $D14, '4월 삼척 개인별 STAT'!$E:$E, $E14) -> 5 | AI14: =IFERROR(IF(MOD(AH14/M14, 1)=0, TEXT(AH14/M14, "0"), TEXT(AH14/M14, "0.00")), "-") -> 0.83 | AL14: =iferror(N14/$M14,"-") -> 0.16666667 | AM14: =iferror(R14/$M14,"-") -> 0.5 | AN14: =iferror(N14/R14,"-") -> 0.33333333 | AO14: =iferror(T14/$M14,"-") -> 0 | AP14: =iferror(X14/$M14,"-") -> 0.16666667 | AQ14: =iferror(AB14/$M14,"-") -> 0.33333333 | AR14: =iferror(AC14/$M14,"-") -> 0.33333333 | AS14: =iferror(AF14/M14,"-") -> 0 | AT14: =AI14 -> 0.83
B15: 12 | C15: =if(D15=D14,C14+1,1) -> 12 | D15: 선명여고 | E15: 손서연 | F15: 1 | G15: OH | H15: - | I15: 183 | J15: 67 | K15: 17 | L15: =SUMIFS('3월 단양 개인별 STAT'!L:L, '3월 단양 개인별 STAT'!$D:$D, $D15, '3월 단양 개인별 STAT'!$E:$E, $E15) + SUMIFS('4월 삼척 개인별 STAT'!L:L, '4월 삼척 개인별 STAT'!$D:$D, $D15, '4월 삼척 개인별 STAT'!$E:$E, $E15) -> 2 | M15: =SUMIFS('3월 단양 개인별 STAT'!M:M, '3월 단양 개인별 STAT'!$D:$D, $D15, '3월 단양 개인별 STAT'!$E:$E, $E15) + SUMIFS('4월 삼척 개인별 STAT'!M:M, '4월 삼척 개인별 STAT'!$D:$D, $D15, '4월 삼척 개인별 STAT'!$E:$E, $E15) -> 7 | N15: =SUMIFS('3월 단양 개인별 STAT'!N:N, '3월 단양 개인별 STAT'!$D:$D, $D15, '3월 단양 개인별 STAT'!$E:$E, $E15) + SUMIFS('4월 삼척 개인별 STAT'!N:N, '4월 삼척 개인별 STAT'!$D:$D, $D15, '4월 삼척 개인별 STAT'!$E:$E, $E15) -> 31 | O15: =SUMIFS('3월 단양 개인별 STAT'!O:O, '3월 단양 개인별 STAT'!$D:$D, $D15, '3월 단양 개인별 STAT'!$E:$E, $E15) + SUMIFS('4월 삼척 개인별 STAT'!O:O, '4월 삼척 개인별 STAT'!$D:$D, $D15, '4월 삼척 개인별 STAT'!$E:$E, $E15) -> 1 | P15: =SUMIFS('3월 단양 개인별 STAT'!P:P, '3월 단양 개인별 STAT'!$D:$D, $D15, '3월 단양 개인별 STAT'!$E:$E, $E15) + SUMIFS('4월 삼척 개인별 STAT'!P:P, '4월 삼척 개인별 STAT'!$D:$D, $D15, '4월 삼척 개인별 STAT'!$E:$E, $E15) -> 35 | Q15: =SUMIFS('3월 단양 개인별 STAT'!Q:Q, '3월 단양 개인별 STAT'!$D:$D, $D15, '3월 단양 개인별 STAT'!$E:$E, $E15) + SUMIFS('4월 삼척 개인별 STAT'!Q:Q, '4월 삼척 개인별 STAT'!$D:$D, $D15, '4월 삼척 개인별 STAT'!$E:$E, $E15) -> 11 | R15: =if(Q15+P15+N15=0,"-",Q15+P15+N15) -> 77 | S15: =if(iferror((N15-Q15)/R15,0)=0,"-",round((N15-Q15)/R15,2)) -> 0.26 | T15: =SUMIFS('3월 단양 개인별 STAT'!T:T, '3월 단양 개인별 STAT'!$D:$D, $D15, '3월 단양 개인별 STAT'!$E:$E, $E15) + SUMIFS('4월 삼척 개인별 STAT'!T:T, '4월 삼척 개인별 STAT'!$D:$D, $D15, '4월 삼척 개인별 STAT'!$E:$E, $E15) -> 6 | U15: =SUMIFS('3월 단양 개인별 STAT'!U:U, '3월 단양 개인별 STAT'!$D:$D, $D15, '3월 단양 개인별 STAT'!$E:$E, $E15) + SUMIFS('4월 삼척 개인별 STAT'!U:U, '4월 삼척 개인별 STAT'!$D:$D, $D15, '4월 삼척 개인별 STAT'!$E:$E, $E15) -> 1 | V15: =SUMIFS('3월 단양 개인별 STAT'!V:V, '3월 단양 개인별 STAT'!$D:$D, $D15, '3월 단양 개인별 STAT'!$E:$E, $E15) + SUMIFS('4월 삼척 개인별 STAT'!V:V, '4월 삼척 개인별 STAT'!$D:$D, $D15, '4월 삼척 개인별 STAT'!$E:$E, $E15) -> 0 | W15: =SUMIFS('3월 단양 개인별 STAT'!W:W, '3월 단양 개인별 STAT'!$D:$D, $D15, '3월 단양 개인별 STAT'!$E:$E, $E15) + SUMIFS('4월 삼척 개인별 STAT'!W:W, '4월 삼척 개인별 STAT'!$D:$D, $D15, '4월 삼척 개인별 STAT'!$E:$E, $E15) -> 22 | X15: =SUMIFS('3월 단양 개인별 STAT'!X:X, '3월 단양 개인별 STAT'!$D:$D, $D15, '3월 단양 개인별 STAT'!$E:$E, $E15) + SUMIFS('4월 삼척 개인별 STAT'!X:X, '4월 삼척 개인별 STAT'!$D:$D, $D15, '4월 삼척 개인별 STAT'!$E:$E, $E15) -> 1 | Y15: =SUMIFS('3월 단양 개인별 STAT'!Y:Y, '3월 단양 개인별 STAT'!$D:$D, $D15, '3월 단양 개인별 STAT'!$E:$E, $E15) + SUMIFS('4월 삼척 개인별 STAT'!Y:Y, '4월 삼척 개인별 STAT'!$D:$D, $D15, '4월 삼척 개인별 STAT'!$E:$E, $E15) -> 4 | Z15: =IF(Y15+X15+W15=0,"-",Y15+X15+W15) -> 27 | AA15: =SUMIFS('3월 단양 개인별 STAT'!AA:AA, '3월 단양 개인별 STAT'!$D:$D, $D15, '3월 단양 개인별 STAT'!$E:$E, $E15) + SUMIFS('4월 삼척 개인별 STAT'!AA:AA, '4월 삼척 개인별 STAT'!$D:$D, $D15, '4월 삼척 개인별 STAT'!$E:$E, $E15) -> 0 | AB15: =if((T15+X15+N15)=0, "-",T15+X15+N15) -> 38 | AC15: =N15+T15+X15+(V15*0.75) -> 38 | AD15: =IF(AE15+AF15=0,"-",AE15+AF15) -> 54 | AE15: =SUMIFS('3월 단양 개인별 STAT'!AE:AE, '3월 단양 개인별 STAT'!$D:$D, $D15, '3월 단양 개인별 STAT'!$E:$E, $E15) + SUMIFS('4월 삼척 개인별 STAT'!AE:AE, '4월 삼척 개인별 STAT'!$D:$D, $D15, '4월 삼척 개인별 STAT'!$E:$E, $E15) -> 50 | AF15: =SUMIFS('3월 단양 개인별 STAT'!AF:AF, '3월 단양 개인별 STAT'!$D:$D, $D15, '3월 단양 개인별 STAT'!$E:$E, $E15) + SUMIFS('4월 삼척 개인별 STAT'!AF:AF, '4월 삼척 개인별 STAT'!$D:$D, $D15, '4월 삼척 개인별 STAT'!$E:$E, $E15) -> 4 | AG15: =iferror((AE15/AD15)*100,"-") -> 92.592593 | AH15: =SUMIFS('3월 단양 개인별 STAT'!AH:AH, '3월 단양 개인별 STAT'!$D:$D, $D15, '3월 단양 개인별 STAT'!$E:$E, $E15) + SUMIFS('4월 삼척 개인별 STAT'!AH:AH, '4월 삼척 개인별 STAT'!$D:$D, $D15, '4월 삼척 개인별 STAT'!$E:$E, $E15) -> 17 | AI15: =IFERROR(IF(MOD(AH15/M15, 1)=0, TEXT(AH15/M15, "0"), TEXT(AH15/M15, "0.00")), "-") -> 2.43 | AL15: =iferror(N15/$M15,"-") -> 4.4285714 | AM15: ` | AN15: =iferror(N15/R15,"-") -> 0.4025974 | AO15: =iferror(T15/$M15,"-") -> 0.85714286 | AP15: =iferror(X15/$M15,"-") -> 0.14285714 | AQ15: =iferror(AB15/$M15,"-") -> 5.4285714 | AR15: =iferror(AC15/$M15,"-") -> 5.4285714 | AS15: =iferror(AF15/M15,"-") -> 0.57142857 | AT15: =AI15 -> 2.43
B16: 13 | C16: =if(D16=D15,C15+1,1) -> 13 | D16: 선명여고 | E16: 이서윤 | F16: 1 | G16: OP | H16: MB | I16: 172 | J16: 69 | K16: 18 | L16: =SUMIFS('3월 단양 개인별 STAT'!L:L, '3월 단양 개인별 STAT'!$D:$D, $D16, '3월 단양 개인별 STAT'!$E:$E, $E16) + SUMIFS('4월 삼척 개인별 STAT'!L:L, '4월 삼척 개인별 STAT'!$D:$D, $D16, '4월 삼척 개인별 STAT'!$E:$E, $E16) -> 1 | M16: =SUMIFS('3월 단양 개인별 STAT'!M:M, '3월 단양 개인별 STAT'!$D:$D, $D16, '3월 단양 개인별 STAT'!$E:$E, $E16) + SUMIFS('4월 삼척 개인별 STAT'!M:M, '4월 삼척 개인별 STAT'!$D:$D, $D16, '4월 삼척 개인별 STAT'!$E:$E, $E16) -> 4 | N16: =SUMIFS('3월 단양 개인별 STAT'!N:N, '3월 단양 개인별 STAT'!$D:$D, $D16, '3월 단양 개인별 STAT'!$E:$E, $E16) + SUMIFS('4월 삼척 개인별 STAT'!N:N, '4월 삼척 개인별 STAT'!$D:$D, $D16, '4월 삼척 개인별 STAT'!$E:$E, $E16) -> 0 | O16: =SUMIFS('3월 단양 개인별 STAT'!O:O, '3월 단양 개인별 STAT'!$D:$D, $D16, '3월 단양 개인별 STAT'!$E:$E, $E16) + SUMIFS('4월 삼척 개인별 STAT'!O:O, '4월 삼척 개인별 STAT'!$D:$D, $D16, '4월 삼척 개인별 STAT'!$E:$E, $E16) -> 2 | P16: =SUMIFS('3월 단양 개인별 STAT'!P:P, '3월 단양 개인별 STAT'!$D:$D, $D16, '3월 단양 개인별 STAT'!$E:$E, $E16) + SUMIFS('4월 삼척 개인별 STAT'!P:P, '4월 삼척 개인별 STAT'!$D:$D, $D16, '4월 삼척 개인별 STAT'!$E:$E, $E16) -> 4 | Q16: =SUMIFS('3월 단양 개인별 STAT'!Q:Q, '3월 단양 개인별 STAT'!$D:$D, $D16, '3월 단양 개인별 STAT'!$E:$E, $E16) + SUMIFS('4월 삼척 개인별 STAT'!Q:Q, '4월 삼척 개인별 STAT'!$D:$D, $D16, '4월 삼척 개인별 STAT'!$E:$E, $E16) -> 2 | R16: =if(Q16+P16+N16=0,"-",Q16+P16+N16) -> 6 | S16: =if(iferror((N16-Q16)/R16,0)=0,"-",round((N16-Q16)/R16,2)) -> -0.33 | T16: =SUMIFS('3월 단양 개인별 STAT'!T:T, '3월 단양 개인별 STAT'!$D:$D, $D16, '3월 단양 개인별 STAT'!$E:$E, $E16) + SUMIFS('4월 삼척 개인별 STAT'!T:T, '4월 삼척 개인별 STAT'!$D:$D, $D16, '4월 삼척 개인별 STAT'!$E:$E, $E16) -> 0 | U16: =SUMIFS('3월 단양 개인별 STAT'!U:U, '3월 단양 개인별 STAT'!$D:$D, $D16, '3월 단양 개인별 STAT'!$E:$E, $E16) + SUMIFS('4월 삼척 개인별 STAT'!U:U, '4월 삼척 개인별 STAT'!$D:$D, $D16, '4월 삼척 개인별 STAT'!$E:$E, $E16) -> 0 | V16: =SUMIFS('3월 단양 개인별 STAT'!V:V, '3월 단양 개인별 STAT'!$D:$D, $D16, '3월 단양 개인별 STAT'!$E:$E, $E16) + SUMIFS('4월 삼척 개인별 STAT'!V:V, '4월 삼척 개인별 STAT'!$D:$D, $D16, '4월 삼척 개인별 STAT'!$E:$E, $E16) -> 0 | W16: =SUMIFS('3월 단양 개인별 STAT'!W:W, '3월 단양 개인별 STAT'!$D:$D, $D16, '3월 단양 개인별 STAT'!$E:$E, $E16) + SUMIFS('4월 삼척 개인별 STAT'!W:W, '4월 삼척 개인별 STAT'!$D:$D, $D16, '4월 삼척 개인별 STAT'!$E:$E, $E16) -> 6 | X16: =SUMIFS('3월 단양 개인별 STAT'!X:X, '3월 단양 개인별 STAT'!$D:$D, $D16, '3월 단양 개인별 STAT'!$E:$E, $E16) + SUMIFS('4월 삼척 개인별 STAT'!X:X, '4월 삼척 개인별 STAT'!$D:$D, $D16, '4월 삼척 개인별 STAT'!$E:$E, $E16) -> 0 | Y16: =SUMIFS('3월 단양 개인별 STAT'!Y:Y, '3월 단양 개인별 STAT'!$D:$D, $D16, '3월 단양 개인별 STAT'!$E:$E, $E16) + SUMIFS('4월 삼척 개인별 STAT'!Y:Y, '4월 삼척 개인별 STAT'!$D:$D, $D16, '4월 삼척 개인별 STAT'!$E:$E, $E16) -> 2 | Z16: =IF(Y16+X16+W16=0,"-",Y16+X16+W16) -> 8 | AA16: =SUMIFS('3월 단양 개인별 STAT'!AA:AA, '3월 단양 개인별 STAT'!$D:$D, $D16, '3월 단양 개인별 STAT'!$E:$E, $E16) + SUMIFS('4월 삼척 개인별 STAT'!AA:AA, '4월 삼척 개인별 STAT'!$D:$D, $D16, '4월 삼척 개인별 STAT'!$E:$E, $E16) -> 0 | AB16: =if((T16+X16+N16)=0, "-",T16+X16+N16) -> - | AC16: =N16+T16+X16+(V16*0.75) -> 0 | AD16: =IF(AE16+AF16=0,"-",AE16+AF16) -> - | AE16: =SUMIFS('3월 단양 개인별 STAT'!AE:AE, '3월 단양 개인별 STAT'!$D:$D, $D16, '3월 단양 개인별 STAT'!$E:$E, $E16) + SUMIFS('4월 삼척 개인별 STAT'!AE:AE, '4월 삼척 개인별 STAT'!$D:$D, $D16, '4월 삼척 개인별 STAT'!$E:$E, $E16) -> 0 | AF16: =SUMIFS('3월 단양 개인별 STAT'!AF:AF, '3월 단양 개인별 STAT'!$D:$D, $D16, '3월 단양 개인별 STAT'!$E:$E, $E16) + SUMIFS('4월 삼척 개인별 STAT'!AF:AF, '4월 삼척 개인별 STAT'!$D:$D, $D16, '4월 삼척 개인별 STAT'!$E:$E, $E16) -> 0 | AG16: =iferror((AE16/AD16)*100,"-") -> - | AH16: =SUMIFS('3월 단양 개인별 STAT'!AH:AH, '3월 단양 개인별 STAT'!$D:$D, $D16, '3월 단양 개인별 STAT'!$E:$E, $E16) + SUMIFS('4월 삼척 개인별 STAT'!AH:AH, '4월 삼척 개인별 STAT'!$D:$D, $D16, '4월 삼척 개인별 STAT'!$E:$E, $E16) -> 6 | AI16: =IFERROR(IF(MOD(AH16/M16, 1)=0, TEXT(AH16/M16, "0"), TEXT(AH16/M16, "0.00")), "-") -> 1.50 | AL16: =iferror(N16/$M16,"-") -> 0 | AM16: =iferror(R16/$M16,"-") -> 1.5 | AN16: =iferror(N16/R16,"-") -> 0 | AO16: =iferror(T16/$M16,"-") -> 0 | AP16: =iferror(X16/$M16,"-") -> 0 | AQ16: =iferror(AB16/$M16,"-") -> - | AR16: =iferror(AC16/$M16,"-") -> 0 | AS16: =iferror(AF16/M16,"-") -> 0 | AT16: =AI16 -> 1.50
B17: 14 | C17: =if(D17=D16,C16+1,1) -> 14 | D17: 선명여고 | E17: 문은영 | F17: 1 | G17: Li | H17: - | I17: 162 | J17: 61 | K17: 19 | L17: =SUMIFS('3월 단양 개인별 STAT'!L:L, '3월 단양 개인별 STAT'!$D:$D, $D17, '3월 단양 개인별 STAT'!$E:$E, $E17) + SUMIFS('4월 삼척 개인별 STAT'!L:L, '4월 삼척 개인별 STAT'!$D:$D, $D17, '4월 삼척 개인별 STAT'!$E:$E, $E17) -> 1 | M17: =SUMIFS('3월 단양 개인별 STAT'!M:M, '3월 단양 개인별 STAT'!$D:$D, $D17, '3월 단양 개인별 STAT'!$E:$E, $E17) + SUMIFS('4월 삼척 개인별 STAT'!M:M, '4월 삼척 개인별 STAT'!$D:$D, $D17, '4월 삼척 개인별 STAT'!$E:$E, $E17) -> 1 | N17: =SUMIFS('3월 단양 개인별 STAT'!N:N, '3월 단양 개인별 STAT'!$D:$D, $D17, '3월 단양 개인별 STAT'!$E:$E, $E17) + SUMIFS('4월 삼척 개인별 STAT'!N:N, '4월 삼척 개인별 STAT'!$D:$D, $D17, '4월 삼척 개인별 STAT'!$E:$E, $E17) -> 0 | O17: =SUMIFS('3월 단양 개인별 STAT'!O:O, '3월 단양 개인별 STAT'!$D:$D, $D17, '3월 단양 개인별 STAT'!$E:$E, $E17) + SUMIFS('4월 삼척 개인별 STAT'!O:O, '4월 삼척 개인별 STAT'!$D:$D, $D17, '4월 삼척 개인별 STAT'!$E:$E, $E17) -> 1 | P17: =SUMIFS('3월 단양 개인별 STAT'!P:P, '3월 단양 개인별 STAT'!$D:$D, $D17, '3월 단양 개인별 STAT'!$E:$E, $E17) + SUMIFS('4월 삼척 개인별 STAT'!P:P, '4월 삼척 개인별 STAT'!$D:$D, $D17, '4월 삼척 개인별 STAT'!$E:$E, $E17) -> 0 | Q17: =SUMIFS('3월 단양 개인별 STAT'!Q:Q, '3월 단양 개인별 STAT'!$D:$D, $D17, '3월 단양 개인별 STAT'!$E:$E, $E17) + SUMIFS('4월 삼척 개인별 STAT'!Q:Q, '4월 삼척 개인별 STAT'!$D:$D, $D17, '4월 삼척 개인별 STAT'!$E:$E, $E17) -> 0 | R17: =if(Q17+P17+N17=0,"-",Q17+P17+N17) -> - | S17: =if(iferror((N17-Q17)/R17,0)=0,"-",round((N17-Q17)/R17,2)) -> - | T17: =SUMIFS('3월 단양 개인별 STAT'!T:T, '3월 단양 개인별 STAT'!$D:$D, $D17, '3월 단양 개인별 STAT'!$E:$E, $E17) + SUMIFS('4월 삼척 개인별 STAT'!T:T, '4월 삼척 개인별 STAT'!$D:$D, $D17, '4월 삼척 개인별 STAT'!$E:$E, $E17) -> 0 | U17: =SUMIFS('3월 단양 개인별 STAT'!U:U, '3월 단양 개인별 STAT'!$D:$D, $D17, '3월 단양 개인별 STAT'!$E:$E, $E17) + SUMIFS('4월 삼척 개인별 STAT'!U:U, '4월 삼척 개인별 STAT'!$D:$D, $D17, '4월 삼척 개인별 STAT'!$E:$E, $E17) -> 0 | V17: =SUMIFS('3월 단양 개인별 STAT'!V:V, '3월 단양 개인별 STAT'!$D:$D, $D17, '3월 단양 개인별 STAT'!$E:$E, $E17) + SUMIFS('4월 삼척 개인별 STAT'!V:V, '4월 삼척 개인별 STAT'!$D:$D, $D17, '4월 삼척 개인별 STAT'!$E:$E, $E17) -> 0 | W17: =SUMIFS('3월 단양 개인별 STAT'!W:W, '3월 단양 개인별 STAT'!$D:$D, $D17, '3월 단양 개인별 STAT'!$E:$E, $E17) + SUMIFS('4월 삼척 개인별 STAT'!W:W, '4월 삼척 개인별 STAT'!$D:$D, $D17, '4월 삼척 개인별 STAT'!$E:$E, $E17) -> 0 | X17: =SUMIFS('3월 단양 개인별 STAT'!X:X, '3월 단양 개인별 STAT'!$D:$D, $D17, '3월 단양 개인별 STAT'!$E:$E, $E17) + SUMIFS('4월 삼척 개인별 STAT'!X:X, '4월 삼척 개인별 STAT'!$D:$D, $D17, '4월 삼척 개인별 STAT'!$E:$E, $E17) -> 0 | Y17: =SUMIFS('3월 단양 개인별 STAT'!Y:Y, '3월 단양 개인별 STAT'!$D:$D, $D17, '3월 단양 개인별 STAT'!$E:$E, $E17) + SUMIFS('4월 삼척 개인별 STAT'!Y:Y, '4월 삼척 개인별 STAT'!$D:$D, $D17, '4월 삼척 개인별 STAT'!$E:$E, $E17) -> 0 | Z17: =IF(Y17+X17+W17=0,"-",Y17+X17+W17) -> - | AA17: =SUMIFS('3월 단양 개인별 STAT'!AA:AA, '3월 단양 개인별 STAT'!$D:$D, $D17, '3월 단양 개인별 STAT'!$E:$E, $E17) + SUMIFS('4월 삼척 개인별 STAT'!AA:AA, '4월 삼척 개인별 STAT'!$D:$D, $D17, '4월 삼척 개인별 STAT'!$E:$E, $E17) -> 0 | AB17: =if((T17+X17+N17)=0, "-",T17+X17+N17) -> - | AC17: =N17+T17+X17+(V17*0.75) -> 0 | AD17: =IF(AE17+AF17=0,"-",AE17+AF17) -> 4 | AE17: =SUMIFS('3월 단양 개인별 STAT'!AE:AE, '3월 단양 개인별 STAT'!$D:$D, $D17, '3월 단양 개인별 STAT'!$E:$E, $E17) + SUMIFS('4월 삼척 개인별 STAT'!AE:AE, '4월 삼척 개인별 STAT'!$D:$D, $D17, '4월 삼척 개인별 STAT'!$E:$E, $E17) -> 3 | AF17: =SUMIFS('3월 단양 개인별 STAT'!AF:AF, '3월 단양 개인별 STAT'!$D:$D, $D17, '3월 단양 개인별 STAT'!$E:$E, $E17) + SUMIFS('4월 삼척 개인별 STAT'!AF:AF, '4월 삼척 개인별 STAT'!$D:$D, $D17, '4월 삼척 개인별 STAT'!$E:$E, $E17) -> 1 | AG17: =iferror((AE17/AD17)*100,"-") -> 75 | AH17: =SUMIFS('3월 단양 개인별 STAT'!AH:AH, '3월 단양 개인별 STAT'!$D:$D, $D17, '3월 단양 개인별 STAT'!$E:$E, $E17) + SUMIFS('4월 삼척 개인별 STAT'!AH:AH, '4월 삼척 개인별 STAT'!$D:$D, $D17, '4월 삼척 개인별 STAT'!$E:$E, $E17) -> 0 | AI17: =IFERROR(IF(MOD(AH17/M17, 1)=0, TEXT(AH17/M17, "0"), TEXT(AH17/M17, "0.00")), "-") -> 0 | AL17: =iferror(N17/$M17,"-") -> 0 | AM17: =iferror(R17/$M17,"-") -> - | AN17: =iferror(N17/R17,"-") -> - | AO17: =iferror(T17/$M17,"-") -> 0 | AP17: =iferror(X17/$M17,"-") -> 0 | AQ17: =iferror(AB17/$M17,"-") -> - | AR17: =iferror(AC17/$M17,"-") -> 0 | AS17: =iferror(AF17/M17,"-") -> 1 | AT17: =AI17 -> 0
B18: 15 | C18: =if(D18=D17,C17+1,1) -> 1 | D18: 중앙여고 | E18: 오세인 | F18: 3 | G18: OH | H18: - | I18: 181 | J18: 67 | K18: 1 | L18: =SUMIFS('3월 단양 개인별 STAT'!L:L, '3월 단양 개인별 STAT'!$D:$D, $D18, '3월 단양 개인별 STAT'!$E:$E, $E18) + SUMIFS('4월 삼척 개인별 STAT'!L:L, '4월 삼척 개인별 STAT'!$D:$D, $D18, '4월 삼척 개인별 STAT'!$E:$E, $E18) -> 3 | M18: =SUMIFS('3월 단양 개인별 STAT'!M:M, '3월 단양 개인별 STAT'!$D:$D, $D18, '3월 단양 개인별 STAT'!$E:$E, $E18) + SUMIFS('4월 삼척 개인별 STAT'!M:M, '4월 삼척 개인별 STAT'!$D:$D, $D18, '4월 삼척 개인별 STAT'!$E:$E, $E18) -> 11 | N18: =SUMIFS('3월 단양 개인별 STAT'!N:N, '3월 단양 개인별 STAT'!$D:$D, $D18, '3월 단양 개인별 STAT'!$E:$E, $E18) + SUMIFS('4월 삼척 개인별 STAT'!N:N, '4월 삼척 개인별 STAT'!$D:$D, $D18, '4월 삼척 개인별 STAT'!$E:$E, $E18) -> 29 | O18: =SUMIFS('3월 단양 개인별 STAT'!O:O, '3월 단양 개인별 STAT'!$D:$D, $D18, '3월 단양 개인별 STAT'!$E:$E, $E18) + SUMIFS('4월 삼척 개인별 STAT'!O:O, '4월 삼척 개인별 STAT'!$D:$D, $D18, '4월 삼척 개인별 STAT'!$E:$E, $E18) -> 1 | P18: =SUMIFS('3월 단양 개인별 STAT'!P:P, '3월 단양 개인별 STAT'!$D:$D, $D18, '3월 단양 개인별 STAT'!$E:$E, $E18) + SUMIFS('4월 삼척 개인별 STAT'!P:P, '4월 삼척 개인별 STAT'!$D:$D, $D18, '4월 삼척 개인별 STAT'!$E:$E, $E18) -> 19 | Q18: =SUMIFS('3월 단양 개인별 STAT'!Q:Q, '3월 단양 개인별 STAT'!$D:$D, $D18, '3월 단양 개인별 STAT'!$E:$E, $E18) + SUMIFS('4월 삼척 개인별 STAT'!Q:Q, '4월 삼척 개인별 STAT'!$D:$D, $D18, '4월 삼척 개인별 STAT'!$E:$E, $E18) -> 9 | R18: =if(Q18+P18+N18=0,"-",Q18+P18+N18) -> 57 | S18: =if(iferror((N18-Q18)/R18,0)=0,"-",round((N18-Q18)/R18,2)) -> 0.35 | T18: =SUMIFS('3월 단양 개인별 STAT'!T:T, '3월 단양 개인별 STAT'!$D:$D, $D18, '3월 단양 개인별 STAT'!$E:$E, $E18) + SUMIFS('4월 삼척 개인별 STAT'!T:T, '4월 삼척 개인별 STAT'!$D:$D, $D18, '4월 삼척 개인별 STAT'!$E:$E, $E18) -> 3 | U18: =SUMIFS('3월 단양 개인별 STAT'!U:U, '3월 단양 개인별 STAT'!$D:$D, $D18, '3월 단양 개인별 STAT'!$E:$E, $E18) + SUMIFS('4월 삼척 개인별 STAT'!U:U, '4월 삼척 개인별 STAT'!$D:$D, $D18, '4월 삼척 개인별 STAT'!$E:$E, $E18) -> 0 | V18: =SUMIFS('3월 단양 개인별 STAT'!V:V, '3월 단양 개인별 STAT'!$D:$D, $D18, '3월 단양 개인별 STAT'!$E:$E, $E18) + SUMIFS('4월 삼척 개인별 STAT'!V:V, '4월 삼척 개인별 STAT'!$D:$D, $D18, '4월 삼척 개인별 STAT'!$E:$E, $E18) -> 0 | W18: =SUMIFS('3월 단양 개인별 STAT'!W:W, '3월 단양 개인별 STAT'!$D:$D, $D18, '3월 단양 개인별 STAT'!$E:$E, $E18) + SUMIFS('4월 삼척 개인별 STAT'!W:W, '4월 삼척 개인별 STAT'!$D:$D, $D18, '4월 삼척 개인별 STAT'!$E:$E, $E18) -> 19 | X18: =SUMIFS('3월 단양 개인별 STAT'!X:X, '3월 단양 개인별 STAT'!$D:$D, $D18, '3월 단양 개인별 STAT'!$E:$E, $E18) + SUMIFS('4월 삼척 개인별 STAT'!X:X, '4월 삼척 개인별 STAT'!$D:$D, $D18, '4월 삼척 개인별 STAT'!$E:$E, $E18) -> 1 | Y18: =SUMIFS('3월 단양 개인별 STAT'!Y:Y, '3월 단양 개인별 STAT'!$D:$D, $D18, '3월 단양 개인별 STAT'!$E:$E, $E18) + SUMIFS('4월 삼척 개인별 STAT'!Y:Y, '4월 삼척 개인별 STAT'!$D:$D, $D18, '4월 삼척 개인별 STAT'!$E:$E, $E18) -> 1 | Z18: =IF(Y18+X18+W18=0,"-",Y18+X18+W18) -> 21 | AA18: =SUMIFS('3월 단양 개인별 STAT'!AA:AA, '3월 단양 개인별 STAT'!$D:$D, $D18, '3월 단양 개인별 STAT'!$E:$E, $E18) + SUMIFS('4월 삼척 개인별 STAT'!AA:AA, '4월 삼척 개인별 STAT'!$D:$D, $D18, '4월 삼척 개인별 STAT'!$E:$E, $E18) -> 1 | AB18: =if((T18+X18+N18)=0, "-",T18+X18+N18) -> 33 | AC18: =N18+T18+X18+(V18*0.75) -> 33 | AD18: =IF(AE18+AF18=0,"-",AE18+AF18) -> 5 | AE18: =SUMIFS('3월 단양 개인별 STAT'!AE:AE, '3월 단양 개인별 STAT'!$D:$D, $D18, '3월 단양 개인별 STAT'!$E:$E, $E18) + SUMIFS('4월 삼척 개인별 STAT'!AE:AE, '4월 삼척 개인별 STAT'!$D:$D, $D18, '4월 삼척 개인별 STAT'!$E:$E, $E18) -> 3 | AF18: =SUMIFS('3월 단양 개인별 STAT'!AF:AF, '3월 단양 개인별 STAT'!$D:$D, $D18, '3월 단양 개인별 STAT'!$E:$E, $E18) + SUMIFS('4월 삼척 개인별 STAT'!AF:AF, '4월 삼척 개인별 STAT'!$D:$D, $D18, '4월 삼척 개인별 STAT'!$E:$E, $E18) -> 2 | AG18: =iferror((AE18/AD18)*100,"-") -> 60 | AH18: =SUMIFS('3월 단양 개인별 STAT'!AH:AH, '3월 단양 개인별 STAT'!$D:$D, $D18, '3월 단양 개인별 STAT'!$E:$E, $E18) + SUMIFS('4월 삼척 개인별 STAT'!AH:AH, '4월 삼척 개인별 STAT'!$D:$D, $D18, '4월 삼척 개인별 STAT'!$E:$E, $E18) -> 16 | AI18: =IFERROR(IF(MOD(AH18/M18, 1)=0, TEXT(AH18/M18, "0"), TEXT(AH18/M18, "0.00")), "-") -> 1.45 | AL18: =iferror(N18/$M18,"-") -> 2.6363636 | AM18: =iferror(R18/$M18,"-") -> 5.1818182 | AN18: =iferror(N18/R18,"-") -> 0.50877193 | AO18: =iferror(T18/$M18,"-") -> 0.27272727 | AP18: =iferror(X18/$M18,"-") -> 0.090909091 | AQ18: =iferror(AB18/$M18,"-") -> 3 | AR18: =iferror(AC18/$M18,"-") -> 3 | AS18: =iferror(AF18/M18,"-") -> 0.18181818 | AT18: =AI18 -> 1.45
B19: 16 | C19: =if(D19=D18,C18+1,1) -> 2 | D19: 중앙여고 | E19: 김수민 | F19: 3 | G19: Li | H19: - | I19: 169 | J19: 61 | K19: 2 | L19: =SUMIFS('3월 단양 개인별 STAT'!L:L, '3월 단양 개인별 STAT'!$D:$D, $D19, '3월 단양 개인별 STAT'!$E:$E, $E19) + SUMIFS('4월 삼척 개인별 STAT'!L:L, '4월 삼척 개인별 STAT'!$D:$D, $D19, '4월 삼척 개인별 STAT'!$E:$E, $E19) -> 2 | M19: =SUMIFS('3월 단양 개인별 STAT'!M:M, '3월 단양 개인별 STAT'!$D:$D, $D19, '3월 단양 개인별 STAT'!$E:$E, $E19) + SUMIFS('4월 삼척 개인별 STAT'!M:M, '4월 삼척 개인별 STAT'!$D:$D, $D19, '4월 삼척 개인별 STAT'!$E:$E, $E19) -> 6 | N19: =SUMIFS('3월 단양 개인별 STAT'!N:N, '3월 단양 개인별 STAT'!$D:$D, $D19, '3월 단양 개인별 STAT'!$E:$E, $E19) + SUMIFS('4월 삼척 개인별 STAT'!N:N, '4월 삼척 개인별 STAT'!$D:$D, $D19, '4월 삼척 개인별 STAT'!$E:$E, $E19) -> 0 | O19: =SUMIFS('3월 단양 개인별 STAT'!O:O, '3월 단양 개인별 STAT'!$D:$D, $D19, '3월 단양 개인별 STAT'!$E:$E, $E19) + SUMIFS('4월 삼척 개인별 STAT'!O:O, '4월 삼척 개인별 STAT'!$D:$D, $D19, '4월 삼척 개인별 STAT'!$E:$E, $E19) -> 6 | P19: =SUMIFS('3월 단양 개인별 STAT'!P:P, '3월 단양 개인별 STAT'!$D:$D, $D19, '3월 단양 개인별 STAT'!$E:$E, $E19) + SUMIFS('4월 삼척 개인별 STAT'!P:P, '4월 삼척 개인별 STAT'!$D:$D, $D19, '4월 삼척 개인별 STAT'!$E:$E, $E19) -> 0 | Q19: =SUMIFS('3월 단양 개인별 STAT'!Q:Q, '3월 단양 개인별 STAT'!$D:$D, $D19, '3월 단양 개인별 STAT'!$E:$E, $E19) + SUMIFS('4월 삼척 개인별 STAT'!Q:Q, '4월 삼척 개인별 STAT'!$D:$D, $D19, '4월 삼척 개인별 STAT'!$E:$E, $E19) -> 0 | R19: =if(Q19+P19+N19=0,"-",Q19+P19+N19) -> - | S19: =if(iferror((N19-Q19)/R19,0)=0,"-",round((N19-Q19)/R19,2)) -> - | T19: =SUMIFS('3월 단양 개인별 STAT'!T:T, '3월 단양 개인별 STAT'!$D:$D, $D19, '3월 단양 개인별 STAT'!$E:$E, $E19) + SUMIFS('4월 삼척 개인별 STAT'!T:T, '4월 삼척 개인별 STAT'!$D:$D, $D19, '4월 삼척 개인별 STAT'!$E:$E, $E19) -> 0 | U19: =SUMIFS('3월 단양 개인별 STAT'!U:U, '3월 단양 개인별 STAT'!$D:$D, $D19, '3월 단양 개인별 STAT'!$E:$E, $E19) + SUMIFS('4월 삼척 개인별 STAT'!U:U, '4월 삼척 개인별 STAT'!$D:$D, $D19, '4월 삼척 개인별 STAT'!$E:$E, $E19) -> 0 | V19: =SUMIFS('3월 단양 개인별 STAT'!V:V, '3월 단양 개인별 STAT'!$D:$D, $D19, '3월 단양 개인별 STAT'!$E:$E, $E19) + SUMIFS('4월 삼척 개인별 STAT'!V:V, '4월 삼척 개인별 STAT'!$D:$D, $D19, '4월 삼척 개인별 STAT'!$E:$E, $E19) -> 0 | W19: =SUMIFS('3월 단양 개인별 STAT'!W:W, '3월 단양 개인별 STAT'!$D:$D, $D19, '3월 단양 개인별 STAT'!$E:$E, $E19) + SUMIFS('4월 삼척 개인별 STAT'!W:W, '4월 삼척 개인별 STAT'!$D:$D, $D19, '4월 삼척 개인별 STAT'!$E:$E, $E19) -> 0 | X19: =SUMIFS('3월 단양 개인별 STAT'!X:X, '3월 단양 개인별 STAT'!$D:$D, $D19, '3월 단양 개인별 STAT'!$E:$E, $E19) + SUMIFS('4월 삼척 개인별 STAT'!X:X, '4월 삼척 개인별 STAT'!$D:$D, $D19, '4월 삼척 개인별 STAT'!$E:$E, $E19) -> 0 | Y19: =SUMIFS('3월 단양 개인별 STAT'!Y:Y, '3월 단양 개인별 STAT'!$D:$D, $D19, '3월 단양 개인별 STAT'!$E:$E, $E19) + SUMIFS('4월 삼척 개인별 STAT'!Y:Y, '4월 삼척 개인별 STAT'!$D:$D, $D19, '4월 삼척 개인별 STAT'!$E:$E, $E19) -> 0 | Z19: =IF(Y19+X19+W19=0,"-",Y19+X19+W19) -> - | AA19: =SUMIFS('3월 단양 개인별 STAT'!AA:AA, '3월 단양 개인별 STAT'!$D:$D, $D19, '3월 단양 개인별 STAT'!$E:$E, $E19) + SUMIFS('4월 삼척 개인별 STAT'!AA:AA, '4월 삼척 개인별 STAT'!$D:$D, $D19, '4월 삼척 개인별 STAT'!$E:$E, $E19) -> 0 | AB19: =if((T19+X19+N19)=0, "-",T19+X19+N19) -> - | AC19: =N19+T19+X19+(V19*0.75) -> 0 | AD19: =IF(AE19+AF19=0,"-",AE19+AF19) -> 26 | AE19: =SUMIFS('3월 단양 개인별 STAT'!AE:AE, '3월 단양 개인별 STAT'!$D:$D, $D19, '3월 단양 개인별 STAT'!$E:$E, $E19) + SUMIFS('4월 삼척 개인별 STAT'!AE:AE, '4월 삼척 개인별 STAT'!$D:$D, $D19, '4월 삼척 개인별 STAT'!$E:$E, $E19) -> 26 | AF19: =SUMIFS('3월 단양 개인별 STAT'!AF:AF, '3월 단양 개인별 STAT'!$D:$D, $D19, '3월 단양 개인별 STAT'!$E:$E, $E19) + SUMIFS('4월 삼척 개인별 STAT'!AF:AF, '4월 삼척 개인별 STAT'!$D:$D, $D19, '4월 삼척 개인별 STAT'!$E:$E, $E19) -> 0 | AG19: =iferror((AE19/AD19)*100,"-") -> 100 | AH19: =SUMIFS('3월 단양 개인별 STAT'!AH:AH, '3월 단양 개인별 STAT'!$D:$D, $D19, '3월 단양 개인별 STAT'!$E:$E, $E19) + SUMIFS('4월 삼척 개인별 STAT'!AH:AH, '4월 삼척 개인별 STAT'!$D:$D, $D19, '4월 삼척 개인별 STAT'!$E:$E, $E19) -> 10 | AI19: =IFERROR(IF(MOD(AH19/M19, 1)=0, TEXT(AH19/M19, "0"), TEXT(AH19/M19, "0.00")), "-") -> 1.67 | AL19: =iferror(N19/$M19,"-") -> 0 | AM19: =iferror(R19/$M19,"-") -> - | AN19: =iferror(N19/R19,"-") -> - | AO19: =iferror(T19/$M19,"-") -> 0 | AP19: =iferror(X19/$M19,"-") -> 0 | AQ19: =iferror(AB19/$M19,"-") -> - | AR19: =iferror(AC19/$M19,"-") -> 0 | AS19: =iferror(AF19/M19,"-") -> 0 | AT19: =AI19 -> 1.67
B20: 17 | C20: =if(D20=D19,C19+1,1) -> 3 | D20: 중앙여고 | E20: 이하율 | F20: 2 | G20: S | H20: - | I20: 170 | J20: 59 | K20: 3 | L20: =SUMIFS('3월 단양 개인별 STAT'!L:L, '3월 단양 개인별 STAT'!$D:$D, $D20, '3월 단양 개인별 STAT'!$E:$E, $E20) + SUMIFS('4월 삼척 개인별 STAT'!L:L, '4월 삼척 개인별 STAT'!$D:$D, $D20, '4월 삼척 개인별 STAT'!$E:$E, $E20) -> 3 | M20: =SUMIFS('3월 단양 개인별 STAT'!M:M, '3월 단양 개인별 STAT'!$D:$D, $D20, '3월 단양 개인별 STAT'!$E:$E, $E20) + SUMIFS('4월 삼척 개인별 STAT'!M:M, '4월 삼척 개인별 STAT'!$D:$D, $D20, '4월 삼척 개인별 STAT'!$E:$E, $E20) -> 6 | N20: =SUMIFS('3월 단양 개인별 STAT'!N:N, '3월 단양 개인별 STAT'!$D:$D, $D20, '3월 단양 개인별 STAT'!$E:$E, $E20) + SUMIFS('4월 삼척 개인별 STAT'!N:N, '4월 삼척 개인별 STAT'!$D:$D, $D20, '4월 삼척 개인별 STAT'!$E:$E, $E20) -> 1 | O20: =SUMIFS('3월 단양 개인별 STAT'!O:O, '3월 단양 개인별 STAT'!$D:$D, $D20, '3월 단양 개인별 STAT'!$E:$E, $E20) + SUMIFS('4월 삼척 개인별 STAT'!O:O, '4월 삼척 개인별 STAT'!$D:$D, $D20, '4월 삼척 개인별 STAT'!$E:$E, $E20) -> 17 | P20: =SUMIFS('3월 단양 개인별 STAT'!P:P, '3월 단양 개인별 STAT'!$D:$D, $D20, '3월 단양 개인별 STAT'!$E:$E, $E20) + SUMIFS('4월 삼척 개인별 STAT'!P:P, '4월 삼척 개인별 STAT'!$D:$D, $D20, '4월 삼척 개인별 STAT'!$E:$E, $E20) -> 2 | Q20: =SUMIFS('3월 단양 개인별 STAT'!Q:Q, '3월 단양 개인별 STAT'!$D:$D, $D20, '3월 단양 개인별 STAT'!$E:$E, $E20) + SUMIFS('4월 삼척 개인별 STAT'!Q:Q, '4월 삼척 개인별 STAT'!$D:$D, $D20, '4월 삼척 개인별 STAT'!$E:$E, $E20) -> 0 | R20: =if(Q20+P20+N20=0,"-",Q20+P20+N20) -> 3 | S20: =if(iferror((N20-Q20)/R20,0)=0,"-",round((N20-Q20)/R20,2)) -> 0.33 | T20: =SUMIFS('3월 단양 개인별 STAT'!T:T, '3월 단양 개인별 STAT'!$D:$D, $D20, '3월 단양 개인별 STAT'!$E:$E, $E20) + SUMIFS('4월 삼척 개인별 STAT'!T:T, '4월 삼척 개인별 STAT'!$D:$D, $D20, '4월 삼척 개인별 STAT'!$E:$E, $E20) -> 1 | U20: =SUMIFS('3월 단양 개인별 STAT'!U:U, '3월 단양 개인별 STAT'!$D:$D, $D20, '3월 단양 개인별 STAT'!$E:$E, $E20) + SUMIFS('4월 삼척 개인별 STAT'!U:U, '4월 삼척 개인별 STAT'!$D:$D, $D20, '4월 삼척 개인별 STAT'!$E:$E, $E20) -> 0 | V20: =SUMIFS('3월 단양 개인별 STAT'!V:V, '3월 단양 개인별 STAT'!$D:$D, $D20, '3월 단양 개인별 STAT'!$E:$E, $E20) + SUMIFS('4월 삼척 개인별 STAT'!V:V, '4월 삼척 개인별 STAT'!$D:$D, $D20, '4월 삼척 개인별 STAT'!$E:$E, $E20) -> 0 | W20: =SUMIFS('3월 단양 개인별 STAT'!W:W, '3월 단양 개인별 STAT'!$D:$D, $D20, '3월 단양 개인별 STAT'!$E:$E, $E20) + SUMIFS('4월 삼척 개인별 STAT'!W:W, '4월 삼척 개인별 STAT'!$D:$D, $D20, '4월 삼척 개인별 STAT'!$E:$E, $E20) -> 10 | X20: =SUMIFS('3월 단양 개인별 STAT'!X:X, '3월 단양 개인별 STAT'!$D:$D, $D20, '3월 단양 개인별 STAT'!$E:$E, $E20) + SUMIFS('4월 삼척 개인별 STAT'!X:X, '4월 삼척 개인별 STAT'!$D:$D, $D20, '4월 삼척 개인별 STAT'!$E:$E, $E20) -> 0 | Y20: =SUMIFS('3월 단양 개인별 STAT'!Y:Y, '3월 단양 개인별 STAT'!$D:$D, $D20, '3월 단양 개인별 STAT'!$E:$E, $E20) + SUMIFS('4월 삼척 개인별 STAT'!Y:Y, '4월 삼척 개인별 STAT'!$D:$D, $D20, '4월 삼척 개인별 STAT'!$E:$E, $E20) -> 0 | Z20: =IF(Y20+X20+W20=0,"-",Y20+X20+W20) -> 10 | AA20: =SUMIFS('3월 단양 개인별 STAT'!AA:AA, '3월 단양 개인별 STAT'!$D:$D, $D20, '3월 단양 개인별 STAT'!$E:$E, $E20) + SUMIFS('4월 삼척 개인별 STAT'!AA:AA, '4월 삼척 개인별 STAT'!$D:$D, $D20, '4월 삼척 개인별 STAT'!$E:$E, $E20) -> 0 | AB20: =if((T20+X20+N20)=0, "-",T20+X20+N20) -> 2 | AC20: =N20+T20+X20+(V20*0.75) -> 2 | AD20: =IF(AE20+AF20=0,"-",AE20+AF20) -> - | AE20: =SUMIFS('3월 단양 개인별 STAT'!AE:AE, '3월 단양 개인별 STAT'!$D:$D, $D20, '3월 단양 개인별 STAT'!$E:$E, $E20) + SUMIFS('4월 삼척 개인별 STAT'!AE:AE, '4월 삼척 개인별 STAT'!$D:$D, $D20, '4월 삼척 개인별 STAT'!$E:$E, $E20) -> 0 | AF20: =SUMIFS('3월 단양 개인별 STAT'!AF:AF, '3월 단양 개인별 STAT'!$D:$D, $D20, '3월 단양 개인별 STAT'!$E:$E, $E20) + SUMIFS('4월 삼척 개인별 STAT'!AF:AF, '4월 삼척 개인별 STAT'!$D:$D, $D20, '4월 삼척 개인별 STAT'!$E:$E, $E20) -> 0 | AG20: =iferror((AE20/AD20)*100,"-") -> - | AH20: =SUMIFS('3월 단양 개인별 STAT'!AH:AH, '3월 단양 개인별 STAT'!$D:$D, $D20, '3월 단양 개인별 STAT'!$E:$E, $E20) + SUMIFS('4월 삼척 개인별 STAT'!AH:AH, '4월 삼척 개인별 STAT'!$D:$D, $D20, '4월 삼척 개인별 STAT'!$E:$E, $E20) -> 5 | AI20: =IFERROR(IF(MOD(AH20/M20, 1)=0, TEXT(AH20/M20, "0"), TEXT(AH20/M20, "0.00")), "-") -> 0.83 | AL20: =iferror(N20/$M20,"-") -> 0.16666667 | AM20: =iferror(R20/$M20,"-") -> 0.5 | AN20: =iferror(N20/R20,"-") -> 0.33333333 | AO20: =iferror(T20/$M20,"-") -> 0.16666667 | AP20: =iferror(X20/$M20,"-") -> 0 | AQ20: =iferror(AB20/$M20,"-") -> 0.33333333 | AR20: =iferror(AC20/$M20,"-") -> 0.33333333 | AS20: =iferror(AF20/M20,"-") -> 0 | AT20: =AI20 -> 0.83
B21: 18 | C21: =if(D21=D20,C20+1,1) -> 4 | D21: 중앙여고 | E21: 이다연 | F21: 1 | G21: OP | H21: - | I21: 177 | J21: 68 | K21: 4 | L21: =SUMIFS('3월 단양 개인별 STAT'!L:L, '3월 단양 개인별 STAT'!$D:$D, $D21, '3월 단양 개인별 STAT'!$E:$E, $E21) + SUMIFS('4월 삼척 개인별 STAT'!L:L, '4월 삼척 개인별 STAT'!$D:$D, $D21, '4월 삼척 개인별 STAT'!$E:$E, $E21) -> 3 | M21: =SUMIFS('3월 단양 개인별 STAT'!M:M, '3월 단양 개인별 STAT'!$D:$D, $D21, '3월 단양 개인별 STAT'!$E:$E, $E21) + SUMIFS('4월 삼척 개인별 STAT'!M:M, '4월 삼척 개인별 STAT'!$D:$D, $D21, '4월 삼척 개인별 STAT'!$E:$E, $E21) -> 9 | N21: =SUMIFS('3월 단양 개인별 STAT'!N:N, '3월 단양 개인별 STAT'!$D:$D, $D21, '3월 단양 개인별 STAT'!$E:$E, $E21) + SUMIFS('4월 삼척 개인별 STAT'!N:N, '4월 삼척 개인별 STAT'!$D:$D, $D21, '4월 삼척 개인별 STAT'!$E:$E, $E21) -> 9 | O21: =SUMIFS('3월 단양 개인별 STAT'!O:O, '3월 단양 개인별 STAT'!$D:$D, $D21, '3월 단양 개인별 STAT'!$E:$E, $E21) + SUMIFS('4월 삼척 개인별 STAT'!O:O, '4월 삼척 개인별 STAT'!$D:$D, $D21, '4월 삼척 개인별 STAT'!$E:$E, $E21) -> 0 | P21: =SUMIFS('3월 단양 개인별 STAT'!P:P, '3월 단양 개인별 STAT'!$D:$D, $D21, '3월 단양 개인별 STAT'!$E:$E, $E21) + SUMIFS('4월 삼척 개인별 STAT'!P:P, '4월 삼척 개인별 STAT'!$D:$D, $D21, '4월 삼척 개인별 STAT'!$E:$E, $E21) -> 11 | Q21: =SUMIFS('3월 단양 개인별 STAT'!Q:Q, '3월 단양 개인별 STAT'!$D:$D, $D21, '3월 단양 개인별 STAT'!$E:$E, $E21) + SUMIFS('4월 삼척 개인별 STAT'!Q:Q, '4월 삼척 개인별 STAT'!$D:$D, $D21, '4월 삼척 개인별 STAT'!$E:$E, $E21) -> 4 | R21: =if(Q21+P21+N21=0,"-",Q21+P21+N21) -> 24 | S21: =if(iferror((N21-Q21)/R21,0)=0,"-",round((N21-Q21)/R21,2)) -> 0.21 | T21: =SUMIFS('3월 단양 개인별 STAT'!T:T, '3월 단양 개인별 STAT'!$D:$D, $D21, '3월 단양 개인별 STAT'!$E:$E, $E21) + SUMIFS('4월 삼척 개인별 STAT'!T:T, '4월 삼척 개인별 STAT'!$D:$D, $D21, '4월 삼척 개인별 STAT'!$E:$E, $E21) -> 2 | U21: =SUMIFS('3월 단양 개인별 STAT'!U:U, '3월 단양 개인별 STAT'!$D:$D, $D21, '3월 단양 개인별 STAT'!$E:$E, $E21) + SUMIFS('4월 삼척 개인별 STAT'!U:U, '4월 삼척 개인별 STAT'!$D:$D, $D21, '4월 삼척 개인별 STAT'!$E:$E, $E21) -> 0 | V21: =SUMIFS('3월 단양 개인별 STAT'!V:V, '3월 단양 개인별 STAT'!$D:$D, $D21, '3월 단양 개인별 STAT'!$E:$E, $E21) + SUMIFS('4월 삼척 개인별 STAT'!V:V, '4월 삼척 개인별 STAT'!$D:$D, $D21, '4월 삼척 개인별 STAT'!$E:$E, $E21) -> 4 | W21: =SUMIFS('3월 단양 개인별 STAT'!W:W, '3월 단양 개인별 STAT'!$D:$D, $D21, '3월 단양 개인별 STAT'!$E:$E, $E21) + SUMIFS('4월 삼척 개인별 STAT'!W:W, '4월 삼척 개인별 STAT'!$D:$D, $D21, '4월 삼척 개인별 STAT'!$E:$E, $E21) -> 10 | X21: =SUMIFS('3월 단양 개인별 STAT'!X:X, '3월 단양 개인별 STAT'!$D:$D, $D21, '3월 단양 개인별 STAT'!$E:$E, $E21) + SUMIFS('4월 삼척 개인별 STAT'!X:X, '4월 삼척 개인별 STAT'!$D:$D, $D21, '4월 삼척 개인별 STAT'!$E:$E, $E21) -> 1 | Y21: =SUMIFS('3월 단양 개인별 STAT'!Y:Y, '3월 단양 개인별 STAT'!$D:$D, $D21, '3월 단양 개인별 STAT'!$E:$E, $E21) + SUMIFS('4월 삼척 개인별 STAT'!Y:Y, '4월 삼척 개인별 STAT'!$D:$D, $D21, '4월 삼척 개인별 STAT'!$E:$E, $E21) -> 3 | Z21: =IF(Y21+X21+W21=0,"-",Y21+X21+W21) -> 14 | AA21: =SUMIFS('3월 단양 개인별 STAT'!AA:AA, '3월 단양 개인별 STAT'!$D:$D, $D21, '3월 단양 개인별 STAT'!$E:$E, $E21) + SUMIFS('4월 삼척 개인별 STAT'!AA:AA, '4월 삼척 개인별 STAT'!$D:$D, $D21, '4월 삼척 개인별 STAT'!$E:$E, $E21) -> 0 | AB21: =if((T21+X21+N21)=0, "-",T21+X21+N21) -> 12 | AC21: =N21+T21+X21+(V21*0.75) -> 15 | AD21: =IF(AE21+AF21=0,"-",AE21+AF21) -> 11 | AE21: =SUMIFS('3월 단양 개인별 STAT'!AE:AE, '3월 단양 개인별 STAT'!$D:$D, $D21, '3월 단양 개인별 STAT'!$E:$E, $E21) + SUMIFS('4월 삼척 개인별 STAT'!AE:AE, '4월 삼척 개인별 STAT'!$D:$D, $D21, '4월 삼척 개인별 STAT'!$E:$E, $E21) -> 10 | AF21: =SUMIFS('3월 단양 개인별 STAT'!AF:AF, '3월 단양 개인별 STAT'!$D:$D, $D21, '3월 단양 개인별 STAT'!$E:$E, $E21) + SUMIFS('4월 삼척 개인별 STAT'!AF:AF, '4월 삼척 개인별 STAT'!$D:$D, $D21, '4월 삼척 개인별 STAT'!$E:$E, $E21) -> 1 | AG21: =iferror((AE21/AD21)*100,"-") -> 90.909091 | AH21: =SUMIFS('3월 단양 개인별 STAT'!AH:AH, '3월 단양 개인별 STAT'!$D:$D, $D21, '3월 단양 개인별 STAT'!$E:$E, $E21) + SUMIFS('4월 삼척 개인별 STAT'!AH:AH, '4월 삼척 개인별 STAT'!$D:$D, $D21, '4월 삼척 개인별 STAT'!$E:$E, $E21) -> 5 | AI21: =IFERROR(IF(MOD(AH21/M21, 1)=0, TEXT(AH21/M21, "0"), TEXT(AH21/M21, "0.00")), "-") -> 0.56 | AL21: =iferror(N21/$M21,"-") -> 1 | AM21: =iferror(R21/$M21,"-") -> 2.6666667 | AN21: =iferror(N21/R21,"-") -> 0.375 | AO21: =iferror(T21/$M21,"-") -> 0.22222222 | AP21: =iferror(X21/$M21,"-") -> 0.11111111 | AQ21: =iferror(AB21/$M21,"-") -> 1.3333333 | AR21: =iferror(AC21/$M21,"-") -> 1.6666667 | AS21: =iferror(AF21/M21,"-") -> 0.11111111 | AT21: =AI21 -> 0.56
B22: 19 | C22: =if(D22=D21,C21+1,1) -> 5 | D22: 중앙여고 | E22: 이지안 | F22: 1 | G22: MB | H22: - | I22: 184 | J22: 75 | K22: 5 | L22: =SUMIFS('3월 단양 개인별 STAT'!L:L, '3월 단양 개인별 STAT'!$D:$D, $D22, '3월 단양 개인별 STAT'!$E:$E, $E22) + SUMIFS('4월 삼척 개인별 STAT'!L:L, '4월 삼척 개인별 STAT'!$D:$D, $D22, '4월 삼척 개인별 STAT'!$E:$E, $E22) -> 0 | M22: =SUMIFS('3월 단양 개인별 STAT'!M:M, '3월 단양 개인별 STAT'!$D:$D, $D22, '3월 단양 개인별 STAT'!$E:$E, $E22) + SUMIFS('4월 삼척 개인별 STAT'!M:M, '4월 삼척 개인별 STAT'!$D:$D, $D22, '4월 삼척 개인별 STAT'!$E:$E, $E22) -> 0 | N22: =SUMIFS('3월 단양 개인별 STAT'!N:N, '3월 단양 개인별 STAT'!$D:$D, $D22, '3월 단양 개인별 STAT'!$E:$E, $E22) + SUMIFS('4월 삼척 개인별 STAT'!N:N, '4월 삼척 개인별 STAT'!$D:$D, $D22, '4월 삼척 개인별 STAT'!$E:$E, $E22) -> 0 | O22: =SUMIFS('3월 단양 개인별 STAT'!O:O, '3월 단양 개인별 STAT'!$D:$D, $D22, '3월 단양 개인별 STAT'!$E:$E, $E22) + SUMIFS('4월 삼척 개인별 STAT'!O:O, '4월 삼척 개인별 STAT'!$D:$D, $D22, '4월 삼척 개인별 STAT'!$E:$E, $E22) -> 0 | P22: =SUMIFS('3월 단양 개인별 STAT'!P:P, '3월 단양 개인별 STAT'!$D:$D, $D22, '3월 단양 개인별 STAT'!$E:$E, $E22) + SUMIFS('4월 삼척 개인별 STAT'!P:P, '4월 삼척 개인별 STAT'!$D:$D, $D22, '4월 삼척 개인별 STAT'!$E:$E, $E22) -> 0 | Q22: =SUMIFS('3월 단양 개인별 STAT'!Q:Q, '3월 단양 개인별 STAT'!$D:$D, $D22, '3월 단양 개인별 STAT'!$E:$E, $E22) + SUMIFS('4월 삼척 개인별 STAT'!Q:Q, '4월 삼척 개인별 STAT'!$D:$D, $D22, '4월 삼척 개인별 STAT'!$E:$E, $E22) -> 0 | R22: =if(Q22+P22+N22=0,"-",Q22+P22+N22) -> - | S22: =if(iferror((N22-Q22)/R22,0)=0,"-",round((N22-Q22)/R22,2)) -> - | T22: =SUMIFS('3월 단양 개인별 STAT'!T:T, '3월 단양 개인별 STAT'!$D:$D, $D22, '3월 단양 개인별 STAT'!$E:$E, $E22) + SUMIFS('4월 삼척 개인별 STAT'!T:T, '4월 삼척 개인별 STAT'!$D:$D, $D22, '4월 삼척 개인별 STAT'!$E:$E, $E22) -> 0 | U22: =SUMIFS('3월 단양 개인별 STAT'!U:U, '3월 단양 개인별 STAT'!$D:$D, $D22, '3월 단양 개인별 STAT'!$E:$E, $E22) + SUMIFS('4월 삼척 개인별 STAT'!U:U, '4월 삼척 개인별 STAT'!$D:$D, $D22, '4월 삼척 개인별 STAT'!$E:$E, $E22) -> 0 | V22: =SUMIFS('3월 단양 개인별 STAT'!V:V, '3월 단양 개인별 STAT'!$D:$D, $D22, '3월 단양 개인별 STAT'!$E:$E, $E22) + SUMIFS('4월 삼척 개인별 STAT'!V:V, '4월 삼척 개인별 STAT'!$D:$D, $D22, '4월 삼척 개인별 STAT'!$E:$E, $E22) -> 0 | W22: =SUMIFS('3월 단양 개인별 STAT'!W:W, '3월 단양 개인별 STAT'!$D:$D, $D22, '3월 단양 개인별 STAT'!$E:$E, $E22) + SUMIFS('4월 삼척 개인별 STAT'!W:W, '4월 삼척 개인별 STAT'!$D:$D, $D22, '4월 삼척 개인별 STAT'!$E:$E, $E22) -> 0 | X22: =SUMIFS('3월 단양 개인별 STAT'!X:X, '3월 단양 개인별 STAT'!$D:$D, $D22, '3월 단양 개인별 STAT'!$E:$E, $E22) + SUMIFS('4월 삼척 개인별 STAT'!X:X, '4월 삼척 개인별 STAT'!$D:$D, $D22, '4월 삼척 개인별 STAT'!$E:$E, $E22) -> 0 | Y22: =SUMIFS('3월 단양 개인별 STAT'!Y:Y, '3월 단양 개인별 STAT'!$D:$D, $D22, '3월 단양 개인별 STAT'!$E:$E, $E22) + SUMIFS('4월 삼척 개인별 STAT'!Y:Y, '4월 삼척 개인별 STAT'!$D:$D, $D22, '4월 삼척 개인별 STAT'!$E:$E, $E22) -> 0 | Z22: =IF(Y22+X22+W22=0,"-",Y22+X22+W22) -> - | AA22: =SUMIFS('3월 단양 개인별 STAT'!AA:AA, '3월 단양 개인별 STAT'!$D:$D, $D22, '3월 단양 개인별 STAT'!$E:$E, $E22) + SUMIFS('4월 삼척 개인별 STAT'!AA:AA, '4월 삼척 개인별 STAT'!$D:$D, $D22, '4월 삼척 개인별 STAT'!$E:$E, $E22) -> 0 | AB22: =if((T22+X22+N22)=0, "-",T22+X22+N22) -> - | AC22: =N22+T22+X22+(V22*0.75) -> 0 | AD22: =IF(AE22+AF22=0,"-",AE22+AF22) -> - | AE22: =SUMIFS('3월 단양 개인별 STAT'!AE:AE, '3월 단양 개인별 STAT'!$D:$D, $D22, '3월 단양 개인별 STAT'!$E:$E, $E22) + SUMIFS('4월 삼척 개인별 STAT'!AE:AE, '4월 삼척 개인별 STAT'!$D:$D, $D22, '4월 삼척 개인별 STAT'!$E:$E, $E22) -> 0 | AF22: =SUMIFS('3월 단양 개인별 STAT'!AF:AF, '3월 단양 개인별 STAT'!$D:$D, $D22, '3월 단양 개인별 STAT'!$E:$E, $E22) + SUMIFS('4월 삼척 개인별 STAT'!AF:AF, '4월 삼척 개인별 STAT'!$D:$D, $D22, '4월 삼척 개인별 STAT'!$E:$E, $E22) -> 0 | AG22: =iferror((AE22/AD22)*100,"-") -> - | AH22: =SUMIFS('3월 단양 개인별 STAT'!AH:AH, '3월 단양 개인별 STAT'!$D:$D, $D22, '3월 단양 개인별 STAT'!$E:$E, $E22) + SUMIFS('4월 삼척 개인별 STAT'!AH:AH, '4월 삼척 개인별 STAT'!$D:$D, $D22, '4월 삼척 개인별 STAT'!$E:$E, $E22) -> 0 | AI22: =IFERROR(IF(MOD(AH22/M22, 1)=0, TEXT(AH22/M22, "0"), TEXT(AH22/M22, "0.00")), "-") -> - | AL22: =iferror(N22/$M22,"-") -> - | AM22: =iferror(R22/$M22,"-") -> - | AN22: =iferror(N22/R22,"-") -> - | AO22: =iferror(T22/$M22,"-") -> - | AP22: =iferror(X22/$M22,"-") -> - | AQ22: =iferror(AB22/$M22,"-") -> - | AR22: =iferror(AC22/$M22,"-") -> - | AS22: =iferror(AF22/M22,"-") -> - | AT22: =AI22 -> -
B23: 20 | C23: =if(D23=D22,C22+1,1) -> 6 | D23: 중앙여고 | E23: 오채연 | F23: 1 | G23: Li | H23: - | I23: 171 | J23: 68 | K23: 6 | L23: =SUMIFS('3월 단양 개인별 STAT'!L:L, '3월 단양 개인별 STAT'!$D:$D, $D23, '3월 단양 개인별 STAT'!$E:$E, $E23) + SUMIFS('4월 삼척 개인별 STAT'!L:L, '4월 삼척 개인별 STAT'!$D:$D, $D23, '4월 삼척 개인별 STAT'!$E:$E, $E23) -> 0 | M23: =SUMIFS('3월 단양 개인별 STAT'!M:M, '3월 단양 개인별 STAT'!$D:$D, $D23, '3월 단양 개인별 STAT'!$E:$E, $E23) + SUMIFS('4월 삼척 개인별 STAT'!M:M, '4월 삼척 개인별 STAT'!$D:$D, $D23, '4월 삼척 개인별 STAT'!$E:$E, $E23) -> 0 | N23: =SUMIFS('3월 단양 개인별 STAT'!N:N, '3월 단양 개인별 STAT'!$D:$D, $D23, '3월 단양 개인별 STAT'!$E:$E, $E23) + SUMIFS('4월 삼척 개인별 STAT'!N:N, '4월 삼척 개인별 STAT'!$D:$D, $D23, '4월 삼척 개인별 STAT'!$E:$E, $E23) -> 0 | O23: =SUMIFS('3월 단양 개인별 STAT'!O:O, '3월 단양 개인별 STAT'!$D:$D, $D23, '3월 단양 개인별 STAT'!$E:$E, $E23) + SUMIFS('4월 삼척 개인별 STAT'!O:O, '4월 삼척 개인별 STAT'!$D:$D, $D23, '4월 삼척 개인별 STAT'!$E:$E, $E23) -> 0 | P23: =SUMIFS('3월 단양 개인별 STAT'!P:P, '3월 단양 개인별 STAT'!$D:$D, $D23, '3월 단양 개인별 STAT'!$E:$E, $E23) + SUMIFS('4월 삼척 개인별 STAT'!P:P, '4월 삼척 개인별 STAT'!$D:$D, $D23, '4월 삼척 개인별 STAT'!$E:$E, $E23) -> 0 | Q23: =SUMIFS('3월 단양 개인별 STAT'!Q:Q, '3월 단양 개인별 STAT'!$D:$D, $D23, '3월 단양 개인별 STAT'!$E:$E, $E23) + SUMIFS('4월 삼척 개인별 STAT'!Q:Q, '4월 삼척 개인별 STAT'!$D:$D, $D23, '4월 삼척 개인별 STAT'!$E:$E, $E23) -> 0 | R23: =if(Q23+P23+N23=0,"-",Q23+P23+N23) -> - | S23: =if(iferror((N23-Q23)/R23,0)=0,"-",round((N23-Q23)/R23,2)) -> - | T23: =SUMIFS('3월 단양 개인별 STAT'!T:T, '3월 단양 개인별 STAT'!$D:$D, $D23, '3월 단양 개인별 STAT'!$E:$E, $E23) + SUMIFS('4월 삼척 개인별 STAT'!T:T, '4월 삼척 개인별 STAT'!$D:$D, $D23, '4월 삼척 개인별 STAT'!$E:$E, $E23) -> 0 | U23: =SUMIFS('3월 단양 개인별 STAT'!U:U, '3월 단양 개인별 STAT'!$D:$D, $D23, '3월 단양 개인별 STAT'!$E:$E, $E23) + SUMIFS('4월 삼척 개인별 STAT'!U:U, '4월 삼척 개인별 STAT'!$D:$D, $D23, '4월 삼척 개인별 STAT'!$E:$E, $E23) -> 0 | V23: =SUMIFS('3월 단양 개인별 STAT'!V:V, '3월 단양 개인별 STAT'!$D:$D, $D23, '3월 단양 개인별 STAT'!$E:$E, $E23) + SUMIFS('4월 삼척 개인별 STAT'!V:V, '4월 삼척 개인별 STAT'!$D:$D, $D23, '4월 삼척 개인별 STAT'!$E:$E, $E23) -> 0 | W23: =SUMIFS('3월 단양 개인별 STAT'!W:W, '3월 단양 개인별 STAT'!$D:$D, $D23, '3월 단양 개인별 STAT'!$E:$E, $E23) + SUMIFS('4월 삼척 개인별 STAT'!W:W, '4월 삼척 개인별 STAT'!$D:$D, $D23, '4월 삼척 개인별 STAT'!$E:$E, $E23) -> 0 | X23: =SUMIFS('3월 단양 개인별 STAT'!X:X, '3월 단양 개인별 STAT'!$D:$D, $D23, '3월 단양 개인별 STAT'!$E:$E, $E23) + SUMIFS('4월 삼척 개인별 STAT'!X:X, '4월 삼척 개인별 STAT'!$D:$D, $D23, '4월 삼척 개인별 STAT'!$E:$E, $E23) -> 0 | Y23: =SUMIFS('3월 단양 개인별 STAT'!Y:Y, '3월 단양 개인별 STAT'!$D:$D, $D23, '3월 단양 개인별 STAT'!$E:$E, $E23) + SUMIFS('4월 삼척 개인별 STAT'!Y:Y, '4월 삼척 개인별 STAT'!$D:$D, $D23, '4월 삼척 개인별 STAT'!$E:$E, $E23) -> 0 | Z23: =IF(Y23+X23+W23=0,"-",Y23+X23+W23) -> - | AA23: =SUMIFS('3월 단양 개인별 STAT'!AA:AA, '3월 단양 개인별 STAT'!$D:$D, $D23, '3월 단양 개인별 STAT'!$E:$E, $E23) + SUMIFS('4월 삼척 개인별 STAT'!AA:AA, '4월 삼척 개인별 STAT'!$D:$D, $D23, '4월 삼척 개인별 STAT'!$E:$E, $E23) -> 0 | AB23: =if((T23+X23+N23)=0, "-",T23+X23+N23) -> - | AC23: =N23+T23+X23+(V23*0.75) -> 0 | AD23: =IF(AE23+AF23=0,"-",AE23+AF23) -> - | AE23: =SUMIFS('3월 단양 개인별 STAT'!AE:AE, '3월 단양 개인별 STAT'!$D:$D, $D23, '3월 단양 개인별 STAT'!$E:$E, $E23) + SUMIFS('4월 삼척 개인별 STAT'!AE:AE, '4월 삼척 개인별 STAT'!$D:$D, $D23, '4월 삼척 개인별 STAT'!$E:$E, $E23) -> 0 | AF23: =SUMIFS('3월 단양 개인별 STAT'!AF:AF, '3월 단양 개인별 STAT'!$D:$D, $D23, '3월 단양 개인별 STAT'!$E:$E, $E23) + SUMIFS('4월 삼척 개인별 STAT'!AF:AF, '4월 삼척 개인별 STAT'!$D:$D, $D23, '4월 삼척 개인별 STAT'!$E:$E, $E23) -> 0 | AG23: =iferror((AE23/AD23)*100,"-") -> - | AH23: =SUMIFS('3월 단양 개인별 STAT'!AH:AH, '3월 단양 개인별 STAT'!$D:$D, $D23, '3월 단양 개인별 STAT'!$E:$E, $E23) + SUMIFS('4월 삼척 개인별 STAT'!AH:AH, '4월 삼척 개인별 STAT'!$D:$D, $D23, '4월 삼척 개인별 STAT'!$E:$E, $E23) -> 0 | AI23: =IFERROR(IF(MOD(AH23/M23, 1)=0, TEXT(AH23/M23, "0"), TEXT(AH23/M23, "0.00")), "-") -> - | AL23: =iferror(N23/$M23,"-") -> - | AM23: =iferror(R23/$M23,"-") -> - | AN23: =iferror(N23/R23,"-") -> - | AO23: =iferror(T23/$M23,"-") -> - | AP23: =iferror(X23/$M23,"-") -> - | AQ23: =iferror(AB23/$M23,"-") -> - | AR23: =iferror(AC23/$M23,"-") -> - | AS23: =iferror(AF23/M23,"-") -> - | AT23: =AI23 -> -
B24: 21 | C24: =if(D24=D23,C23+1,1) -> 7 | D24: 중앙여고 | E24: 김현아 | F24: 3 | G24: MB | H24: - | I24: 180 | J24: 69 | K24: 7 | L24: =SUMIFS('3월 단양 개인별 STAT'!L:L, '3월 단양 개인별 STAT'!$D:$D, $D24, '3월 단양 개인별 STAT'!$E:$E, $E24) + SUMIFS('4월 삼척 개인별 STAT'!L:L, '4월 삼척 개인별 STAT'!$D:$D, $D24, '4월 삼척 개인별 STAT'!$E:$E, $E24) -> 2 | M24: =SUMIFS('3월 단양 개인별 STAT'!M:M, '3월 단양 개인별 STAT'!$D:$D, $D24, '3월 단양 개인별 STAT'!$E:$E, $E24) + SUMIFS('4월 삼척 개인별 STAT'!M:M, '4월 삼척 개인별 STAT'!$D:$D, $D24, '4월 삼척 개인별 STAT'!$E:$E, $E24) -> 4 | N24: =SUMIFS('3월 단양 개인별 STAT'!N:N, '3월 단양 개인별 STAT'!$D:$D, $D24, '3월 단양 개인별 STAT'!$E:$E, $E24) + SUMIFS('4월 삼척 개인별 STAT'!N:N, '4월 삼척 개인별 STAT'!$D:$D, $D24, '4월 삼척 개인별 STAT'!$E:$E, $E24) -> 7 | O24: =SUMIFS('3월 단양 개인별 STAT'!O:O, '3월 단양 개인별 STAT'!$D:$D, $D24, '3월 단양 개인별 STAT'!$E:$E, $E24) + SUMIFS('4월 삼척 개인별 STAT'!O:O, '4월 삼척 개인별 STAT'!$D:$D, $D24, '4월 삼척 개인별 STAT'!$E:$E, $E24) -> 1 | P24: =SUMIFS('3월 단양 개인별 STAT'!P:P, '3월 단양 개인별 STAT'!$D:$D, $D24, '3월 단양 개인별 STAT'!$E:$E, $E24) + SUMIFS('4월 삼척 개인별 STAT'!P:P, '4월 삼척 개인별 STAT'!$D:$D, $D24, '4월 삼척 개인별 STAT'!$E:$E, $E24) -> 1 | Q24: =SUMIFS('3월 단양 개인별 STAT'!Q:Q, '3월 단양 개인별 STAT'!$D:$D, $D24, '3월 단양 개인별 STAT'!$E:$E, $E24) + SUMIFS('4월 삼척 개인별 STAT'!Q:Q, '4월 삼척 개인별 STAT'!$D:$D, $D24, '4월 삼척 개인별 STAT'!$E:$E, $E24) -> 0 | R24: =if(Q24+P24+N24=0,"-",Q24+P24+N24) -> 8 | S24: =if(iferror((N24-Q24)/R24,0)=0,"-",round((N24-Q24)/R24,2)) -> 0.88 | T24: =SUMIFS('3월 단양 개인별 STAT'!T:T, '3월 단양 개인별 STAT'!$D:$D, $D24, '3월 단양 개인별 STAT'!$E:$E, $E24) + SUMIFS('4월 삼척 개인별 STAT'!T:T, '4월 삼척 개인별 STAT'!$D:$D, $D24, '4월 삼척 개인별 STAT'!$E:$E, $E24) -> 1 | U24: =SUMIFS('3월 단양 개인별 STAT'!U:U, '3월 단양 개인별 STAT'!$D:$D, $D24, '3월 단양 개인별 STAT'!$E:$E, $E24) + SUMIFS('4월 삼척 개인별 STAT'!U:U, '4월 삼척 개인별 STAT'!$D:$D, $D24, '4월 삼척 개인별 STAT'!$E:$E, $E24) -> 0 | V24: =SUMIFS('3월 단양 개인별 STAT'!V:V, '3월 단양 개인별 STAT'!$D:$D, $D24, '3월 단양 개인별 STAT'!$E:$E, $E24) + SUMIFS('4월 삼척 개인별 STAT'!V:V, '4월 삼척 개인별 STAT'!$D:$D, $D24, '4월 삼척 개인별 STAT'!$E:$E, $E24) -> 3 | W24: =SUMIFS('3월 단양 개인별 STAT'!W:W, '3월 단양 개인별 STAT'!$D:$D, $D24, '3월 단양 개인별 STAT'!$E:$E, $E24) + SUMIFS('4월 삼척 개인별 STAT'!W:W, '4월 삼척 개인별 STAT'!$D:$D, $D24, '4월 삼척 개인별 STAT'!$E:$E, $E24) -> 18 | X24: =SUMIFS('3월 단양 개인별 STAT'!X:X, '3월 단양 개인별 STAT'!$D:$D, $D24, '3월 단양 개인별 STAT'!$E:$E, $E24) + SUMIFS('4월 삼척 개인별 STAT'!X:X, '4월 삼척 개인별 STAT'!$D:$D, $D24, '4월 삼척 개인별 STAT'!$E:$E, $E24) -> 1 | Y24: =SUMIFS('3월 단양 개인별 STAT'!Y:Y, '3월 단양 개인별 STAT'!$D:$D, $D24, '3월 단양 개인별 STAT'!$E:$E, $E24) + SUMIFS('4월 삼척 개인별 STAT'!Y:Y, '4월 삼척 개인별 STAT'!$D:$D, $D24, '4월 삼척 개인별 STAT'!$E:$E, $E24) -> 0 | Z24: =IF(Y24+X24+W24=0,"-",Y24+X24+W24) -> 19 | AA24: =SUMIFS('3월 단양 개인별 STAT'!AA:AA, '3월 단양 개인별 STAT'!$D:$D, $D24, '3월 단양 개인별 STAT'!$E:$E, $E24) + SUMIFS('4월 삼척 개인별 STAT'!AA:AA, '4월 삼척 개인별 STAT'!$D:$D, $D24, '4월 삼척 개인별 STAT'!$E:$E, $E24) -> 0 | AB24: =if((T24+X24+N24)=0, "-",T24+X24+N24) -> 9 | AC24: =N24+T24+X24+(V24*0.75) -> 11.25 | AD24: =IF(AE24+AF24=0,"-",AE24+AF24) -> - | AE24: =SUMIFS('3월 단양 개인별 STAT'!AE:AE, '3월 단양 개인별 STAT'!$D:$D, $D24, '3월 단양 개인별 STAT'!$E:$E, $E24) + SUMIFS('4월 삼척 개인별 STAT'!AE:AE, '4월 삼척 개인별 STAT'!$D:$D, $D24, '4월 삼척 개인별 STAT'!$E:$E, $E24) -> 0 | AF24: =SUMIFS('3월 단양 개인별 STAT'!AF:AF, '3월 단양 개인별 STAT'!$D:$D, $D24, '3월 단양 개인별 STAT'!$E:$E, $E24) + SUMIFS('4월 삼척 개인별 STAT'!AF:AF, '4월 삼척 개인별 STAT'!$D:$D, $D24, '4월 삼척 개인별 STAT'!$E:$E, $E24) -> 0 | AG24: =iferror((AE24/AD24)*100,"-") -> - | AH24: =SUMIFS('3월 단양 개인별 STAT'!AH:AH, '3월 단양 개인별 STAT'!$D:$D, $D24, '3월 단양 개인별 STAT'!$E:$E, $E24) + SUMIFS('4월 삼척 개인별 STAT'!AH:AH, '4월 삼척 개인별 STAT'!$D:$D, $D24, '4월 삼척 개인별 STAT'!$E:$E, $E24) -> 2 | AI24: =IFERROR(IF(MOD(AH24/M24, 1)=0, TEXT(AH24/M24, "0"), TEXT(AH24/M24, "0.00")), "-") -> 0.50 | AL24: =iferror(N24/$M24,"-") -> 1.75 | AM24: =iferror(R24/$M24,"-") -> 2 | AN24: =iferror(N24/R24,"-") -> 0.875 | AO24: =iferror(T24/$M24,"-") -> 0.25 | AP24: =iferror(X24/$M24,"-") -> 0.25 | AQ24: =iferror(AB24/$M24,"-") -> 2.25 | AR24: =iferror(AC24/$M24,"-") -> 2.8125 | AS24: =iferror(AF24/M24,"-") -> 0 | AT24: =AI24 -> 0.50
B25: 22 | C25: =if(D25=D24,C24+1,1) -> 8 | D25: 중앙여고 | E25: 김혜림 | F25: 1 | G25: OH | H25: - | I25: 175 | J25: 69 | K25: 9 | L25: =SUMIFS('3월 단양 개인별 STAT'!L:L, '3월 단양 개인별 STAT'!$D:$D, $D25, '3월 단양 개인별 STAT'!$E:$E, $E25) + SUMIFS('4월 삼척 개인별 STAT'!L:L, '4월 삼척 개인별 STAT'!$D:$D, $D25, '4월 삼척 개인별 STAT'!$E:$E, $E25) -> 2 | M25: =SUMIFS('3월 단양 개인별 STAT'!M:M, '3월 단양 개인별 STAT'!$D:$D, $D25, '3월 단양 개인별 STAT'!$E:$E, $E25) + SUMIFS('4월 삼척 개인별 STAT'!M:M, '4월 삼척 개인별 STAT'!$D:$D, $D25, '4월 삼척 개인별 STAT'!$E:$E, $E25) -> 2 | N25: =SUMIFS('3월 단양 개인별 STAT'!N:N, '3월 단양 개인별 STAT'!$D:$D, $D25, '3월 단양 개인별 STAT'!$E:$E, $E25) + SUMIFS('4월 삼척 개인별 STAT'!N:N, '4월 삼척 개인별 STAT'!$D:$D, $D25, '4월 삼척 개인별 STAT'!$E:$E, $E25) -> 0 | O25: =SUMIFS('3월 단양 개인별 STAT'!O:O, '3월 단양 개인별 STAT'!$D:$D, $D25, '3월 단양 개인별 STAT'!$E:$E, $E25) + SUMIFS('4월 삼척 개인별 STAT'!O:O, '4월 삼척 개인별 STAT'!$D:$D, $D25, '4월 삼척 개인별 STAT'!$E:$E, $E25) -> 0 | P25: =SUMIFS('3월 단양 개인별 STAT'!P:P, '3월 단양 개인별 STAT'!$D:$D, $D25, '3월 단양 개인별 STAT'!$E:$E, $E25) + SUMIFS('4월 삼척 개인별 STAT'!P:P, '4월 삼척 개인별 STAT'!$D:$D, $D25, '4월 삼척 개인별 STAT'!$E:$E, $E25) -> 0 | Q25: =SUMIFS('3월 단양 개인별 STAT'!Q:Q, '3월 단양 개인별 STAT'!$D:$D, $D25, '3월 단양 개인별 STAT'!$E:$E, $E25) + SUMIFS('4월 삼척 개인별 STAT'!Q:Q, '4월 삼척 개인별 STAT'!$D:$D, $D25, '4월 삼척 개인별 STAT'!$E:$E, $E25) -> 0 | R25: =if(Q25+P25+N25=0,"-",Q25+P25+N25) -> - | S25: =if(iferror((N25-Q25)/R25,0)=0,"-",round((N25-Q25)/R25,2)) -> - | T25: =SUMIFS('3월 단양 개인별 STAT'!T:T, '3월 단양 개인별 STAT'!$D:$D, $D25, '3월 단양 개인별 STAT'!$E:$E, $E25) + SUMIFS('4월 삼척 개인별 STAT'!T:T, '4월 삼척 개인별 STAT'!$D:$D, $D25, '4월 삼척 개인별 STAT'!$E:$E, $E25) -> 0 | U25: =SUMIFS('3월 단양 개인별 STAT'!U:U, '3월 단양 개인별 STAT'!$D:$D, $D25, '3월 단양 개인별 STAT'!$E:$E, $E25) + SUMIFS('4월 삼척 개인별 STAT'!U:U, '4월 삼척 개인별 STAT'!$D:$D, $D25, '4월 삼척 개인별 STAT'!$E:$E, $E25) -> 0 | V25: =SUMIFS('3월 단양 개인별 STAT'!V:V, '3월 단양 개인별 STAT'!$D:$D, $D25, '3월 단양 개인별 STAT'!$E:$E, $E25) + SUMIFS('4월 삼척 개인별 STAT'!V:V, '4월 삼척 개인별 STAT'!$D:$D, $D25, '4월 삼척 개인별 STAT'!$E:$E, $E25) -> 0 | W25: =SUMIFS('3월 단양 개인별 STAT'!W:W, '3월 단양 개인별 STAT'!$D:$D, $D25, '3월 단양 개인별 STAT'!$E:$E, $E25) + SUMIFS('4월 삼척 개인별 STAT'!W:W, '4월 삼척 개인별 STAT'!$D:$D, $D25, '4월 삼척 개인별 STAT'!$E:$E, $E25) -> 0 | X25: =SUMIFS('3월 단양 개인별 STAT'!X:X, '3월 단양 개인별 STAT'!$D:$D, $D25, '3월 단양 개인별 STAT'!$E:$E, $E25) + SUMIFS('4월 삼척 개인별 STAT'!X:X, '4월 삼척 개인별 STAT'!$D:$D, $D25, '4월 삼척 개인별 STAT'!$E:$E, $E25) -> 0 | Y25: =SUMIFS('3월 단양 개인별 STAT'!Y:Y, '3월 단양 개인별 STAT'!$D:$D, $D25, '3월 단양 개인별 STAT'!$E:$E, $E25) + SUMIFS('4월 삼척 개인별 STAT'!Y:Y, '4월 삼척 개인별 STAT'!$D:$D, $D25, '4월 삼척 개인별 STAT'!$E:$E, $E25) -> 0 | Z25: =IF(Y25+X25+W25=0,"-",Y25+X25+W25) -> - | AA25: =SUMIFS('3월 단양 개인별 STAT'!AA:AA, '3월 단양 개인별 STAT'!$D:$D, $D25, '3월 단양 개인별 STAT'!$E:$E, $E25) + SUMIFS('4월 삼척 개인별 STAT'!AA:AA, '4월 삼척 개인별 STAT'!$D:$D, $D25, '4월 삼척 개인별 STAT'!$E:$E, $E25) -> 0 | AB25: =if((T25+X25+N25)=0, "-",T25+X25+N25) -> - | AC25: =N25+T25+X25+(V25*0.75) -> 0 | AD25: =IF(AE25+AF25=0,"-",AE25+AF25) -> 2 | AE25: =SUMIFS('3월 단양 개인별 STAT'!AE:AE, '3월 단양 개인별 STAT'!$D:$D, $D25, '3월 단양 개인별 STAT'!$E:$E, $E25) + SUMIFS('4월 삼척 개인별 STAT'!AE:AE, '4월 삼척 개인별 STAT'!$D:$D, $D25, '4월 삼척 개인별 STAT'!$E:$E, $E25) -> 1 | AF25: =SUMIFS('3월 단양 개인별 STAT'!AF:AF, '3월 단양 개인별 STAT'!$D:$D, $D25, '3월 단양 개인별 STAT'!$E:$E, $E25) + SUMIFS('4월 삼척 개인별 STAT'!AF:AF, '4월 삼척 개인별 STAT'!$D:$D, $D25, '4월 삼척 개인별 STAT'!$E:$E, $E25) -> 1 | AG25: =iferror((AE25/AD25)*100,"-") -> 50 | AH25: =SUMIFS('3월 단양 개인별 STAT'!AH:AH, '3월 단양 개인별 STAT'!$D:$D, $D25, '3월 단양 개인별 STAT'!$E:$E, $E25) + SUMIFS('4월 삼척 개인별 STAT'!AH:AH, '4월 삼척 개인별 STAT'!$D:$D, $D25, '4월 삼척 개인별 STAT'!$E:$E, $E25) -> 0 | AI25: =IFERROR(IF(MOD(AH25/M25, 1)=0, TEXT(AH25/M25, "0"), TEXT(AH25/M25, "0.00")), "-") -> 0 | AL25: =iferror(N25/$M25,"-") -> 0 | AM25: =iferror(R25/$M25,"-") -> - | AN25: =iferror(N25/R25,"-") -> - | AO25: =iferror(T25/$M25,"-") -> 0 | AP25: =iferror(X25/$M25,"-") -> 0 | AQ25: =iferror(AB25/$M25,"-") -> - | AR25: =iferror(AC25/$M25,"-") -> 0 | AS25: =iferror(AF25/M25,"-") -> 0.5 | AT25: =AI25 -> 0
B26: 23 | C26: =if(D26=D25,C25+1,1) -> 9 | D26: 중앙여고 | E26: 박강빈 | F26: 2 | G26: OH | H26: - | I26: 175 | J26: 63 | K26: 10 | L26: =SUMIFS('3월 단양 개인별 STAT'!L:L, '3월 단양 개인별 STAT'!$D:$D, $D26, '3월 단양 개인별 STAT'!$E:$E, $E26) + SUMIFS('4월 삼척 개인별 STAT'!L:L, '4월 삼척 개인별 STAT'!$D:$D, $D26, '4월 삼척 개인별 STAT'!$E:$E, $E26) -> 3 | M26: =SUMIFS('3월 단양 개인별 STAT'!M:M, '3월 단양 개인별 STAT'!$D:$D, $D26, '3월 단양 개인별 STAT'!$E:$E, $E26) + SUMIFS('4월 삼척 개인별 STAT'!M:M, '4월 삼척 개인별 STAT'!$D:$D, $D26, '4월 삼척 개인별 STAT'!$E:$E, $E26) -> 10 | N26: =SUMIFS('3월 단양 개인별 STAT'!N:N, '3월 단양 개인별 STAT'!$D:$D, $D26, '3월 단양 개인별 STAT'!$E:$E, $E26) + SUMIFS('4월 삼척 개인별 STAT'!N:N, '4월 삼척 개인별 STAT'!$D:$D, $D26, '4월 삼척 개인별 STAT'!$E:$E, $E26) -> 21 | O26: =SUMIFS('3월 단양 개인별 STAT'!O:O, '3월 단양 개인별 STAT'!$D:$D, $D26, '3월 단양 개인별 STAT'!$E:$E, $E26) + SUMIFS('4월 삼척 개인별 STAT'!O:O, '4월 삼척 개인별 STAT'!$D:$D, $D26, '4월 삼척 개인별 STAT'!$E:$E, $E26) -> 3 | P26: =SUMIFS('3월 단양 개인별 STAT'!P:P, '3월 단양 개인별 STAT'!$D:$D, $D26, '3월 단양 개인별 STAT'!$E:$E, $E26) + SUMIFS('4월 삼척 개인별 STAT'!P:P, '4월 삼척 개인별 STAT'!$D:$D, $D26, '4월 삼척 개인별 STAT'!$E:$E, $E26) -> 19 | Q26: =SUMIFS('3월 단양 개인별 STAT'!Q:Q, '3월 단양 개인별 STAT'!$D:$D, $D26, '3월 단양 개인별 STAT'!$E:$E, $E26) + SUMIFS('4월 삼척 개인별 STAT'!Q:Q, '4월 삼척 개인별 STAT'!$D:$D, $D26, '4월 삼척 개인별 STAT'!$E:$E, $E26) -> 10 | R26: =if(Q26+P26+N26=0,"-",Q26+P26+N26) -> 50 | S26: =if(iferror((N26-Q26)/R26,0)=0,"-",round((N26-Q26)/R26,2)) -> 0.22 | T26: =SUMIFS('3월 단양 개인별 STAT'!T:T, '3월 단양 개인별 STAT'!$D:$D, $D26, '3월 단양 개인별 STAT'!$E:$E, $E26) + SUMIFS('4월 삼척 개인별 STAT'!T:T, '4월 삼척 개인별 STAT'!$D:$D, $D26, '4월 삼척 개인별 STAT'!$E:$E, $E26) -> 1 | U26: =SUMIFS('3월 단양 개인별 STAT'!U:U, '3월 단양 개인별 STAT'!$D:$D, $D26, '3월 단양 개인별 STAT'!$E:$E, $E26) + SUMIFS('4월 삼척 개인별 STAT'!U:U, '4월 삼척 개인별 STAT'!$D:$D, $D26, '4월 삼척 개인별 STAT'!$E:$E, $E26) -> 0 | V26: =SUMIFS('3월 단양 개인별 STAT'!V:V, '3월 단양 개인별 STAT'!$D:$D, $D26, '3월 단양 개인별 STAT'!$E:$E, $E26) + SUMIFS('4월 삼척 개인별 STAT'!V:V, '4월 삼척 개인별 STAT'!$D:$D, $D26, '4월 삼척 개인별 STAT'!$E:$E, $E26) -> 2 | W26: =SUMIFS('3월 단양 개인별 STAT'!W:W, '3월 단양 개인별 STAT'!$D:$D, $D26, '3월 단양 개인별 STAT'!$E:$E, $E26) + SUMIFS('4월 삼척 개인별 STAT'!W:W, '4월 삼척 개인별 STAT'!$D:$D, $D26, '4월 삼척 개인별 STAT'!$E:$E, $E26) -> 16 | X26: =SUMIFS('3월 단양 개인별 STAT'!X:X, '3월 단양 개인별 STAT'!$D:$D, $D26, '3월 단양 개인별 STAT'!$E:$E, $E26) + SUMIFS('4월 삼척 개인별 STAT'!X:X, '4월 삼척 개인별 STAT'!$D:$D, $D26, '4월 삼척 개인별 STAT'!$E:$E, $E26) -> 3 | Y26: =SUMIFS('3월 단양 개인별 STAT'!Y:Y, '3월 단양 개인별 STAT'!$D:$D, $D26, '3월 단양 개인별 STAT'!$E:$E, $E26) + SUMIFS('4월 삼척 개인별 STAT'!Y:Y, '4월 삼척 개인별 STAT'!$D:$D, $D26, '4월 삼척 개인별 STAT'!$E:$E, $E26) -> 6 | Z26: =IF(Y26+X26+W26=0,"-",Y26+X26+W26) -> 25 | AA26: =SUMIFS('3월 단양 개인별 STAT'!AA:AA, '3월 단양 개인별 STAT'!$D:$D, $D26, '3월 단양 개인별 STAT'!$E:$E, $E26) + SUMIFS('4월 삼척 개인별 STAT'!AA:AA, '4월 삼척 개인별 STAT'!$D:$D, $D26, '4월 삼척 개인별 STAT'!$E:$E, $E26) -> 1 | AB26: =if((T26+X26+N26)=0, "-",T26+X26+N26) -> 25 | AC26: =N26+T26+X26+(V26*0.75) -> 26.5 | AD26: =IF(AE26+AF26=0,"-",AE26+AF26) -> 33 | AE26: =SUMIFS('3월 단양 개인별 STAT'!AE:AE, '3월 단양 개인별 STAT'!$D:$D, $D26, '3월 단양 개인별 STAT'!$E:$E, $E26) + SUMIFS('4월 삼척 개인별 STAT'!AE:AE, '4월 삼척 개인별 STAT'!$D:$D, $D26, '4월 삼척 개인별 STAT'!$E:$E, $E26) -> 27 | AF26: =SUMIFS('3월 단양 개인별 STAT'!AF:AF, '3월 단양 개인별 STAT'!$D:$D, $D26, '3월 단양 개인별 STAT'!$E:$E, $E26) + SUMIFS('4월 삼척 개인별 STAT'!AF:AF, '4월 삼척 개인별 STAT'!$D:$D, $D26, '4월 삼척 개인별 STAT'!$E:$E, $E26) -> 6 | AG26: =iferror((AE26/AD26)*100,"-") -> 81.818182 | AH26: =SUMIFS('3월 단양 개인별 STAT'!AH:AH, '3월 단양 개인별 STAT'!$D:$D, $D26, '3월 단양 개인별 STAT'!$E:$E, $E26) + SUMIFS('4월 삼척 개인별 STAT'!AH:AH, '4월 삼척 개인별 STAT'!$D:$D, $D26, '4월 삼척 개인별 STAT'!$E:$E, $E26) -> 13 | AI26: =IFERROR(IF(MOD(AH26/M26, 1)=0, TEXT(AH26/M26, "0"), TEXT(AH26/M26, "0.00")), "-") -> 1.30 | AL26: =iferror(N26/$M26,"-") -> 2.1 | AM26: =iferror(R26/$M26,"-") -> 5 | AN26: =iferror(N26/R26,"-") -> 0.42 | AO26: =iferror(T26/$M26,"-") -> 0.1 | AP26: =iferror(X26/$M26,"-") -> 0.3 | AQ26: =iferror(AB26/$M26,"-") -> 2.5 | AR26: =iferror(AC26/$M26,"-") -> 2.65 | AS26: =iferror(AF26/M26,"-") -> 0.6 | AT26: =AI26 -> 1.30
B27: 24 | C27: =if(D27=D26,C26+1,1) -> 10 | D27: 중앙여고 | E27: 김해연 | F27: 2 | G27: OH | H27: - | I27: 179 | J27: 73 | K27: 11 | L27: =SUMIFS('3월 단양 개인별 STAT'!L:L, '3월 단양 개인별 STAT'!$D:$D, $D27, '3월 단양 개인별 STAT'!$E:$E, $E27) + SUMIFS('4월 삼척 개인별 STAT'!L:L, '4월 삼척 개인별 STAT'!$D:$D, $D27, '4월 삼척 개인별 STAT'!$E:$E, $E27) -> 3 | M27: =SUMIFS('3월 단양 개인별 STAT'!M:M, '3월 단양 개인별 STAT'!$D:$D, $D27, '3월 단양 개인별 STAT'!$E:$E, $E27) + SUMIFS('4월 삼척 개인별 STAT'!M:M, '4월 삼척 개인별 STAT'!$D:$D, $D27, '4월 삼척 개인별 STAT'!$E:$E, $E27) -> 10 | N27: =SUMIFS('3월 단양 개인별 STAT'!N:N, '3월 단양 개인별 STAT'!$D:$D, $D27, '3월 단양 개인별 STAT'!$E:$E, $E27) + SUMIFS('4월 삼척 개인별 STAT'!N:N, '4월 삼척 개인별 STAT'!$D:$D, $D27, '4월 삼척 개인별 STAT'!$E:$E, $E27) -> 19 | O27: =SUMIFS('3월 단양 개인별 STAT'!O:O, '3월 단양 개인별 STAT'!$D:$D, $D27, '3월 단양 개인별 STAT'!$E:$E, $E27) + SUMIFS('4월 삼척 개인별 STAT'!O:O, '4월 삼척 개인별 STAT'!$D:$D, $D27, '4월 삼척 개인별 STAT'!$E:$E, $E27) -> 0 | P27: =SUMIFS('3월 단양 개인별 STAT'!P:P, '3월 단양 개인별 STAT'!$D:$D, $D27, '3월 단양 개인별 STAT'!$E:$E, $E27) + SUMIFS('4월 삼척 개인별 STAT'!P:P, '4월 삼척 개인별 STAT'!$D:$D, $D27, '4월 삼척 개인별 STAT'!$E:$E, $E27) -> 26 | Q27: =SUMIFS('3월 단양 개인별 STAT'!Q:Q, '3월 단양 개인별 STAT'!$D:$D, $D27, '3월 단양 개인별 STAT'!$E:$E, $E27) + SUMIFS('4월 삼척 개인별 STAT'!Q:Q, '4월 삼척 개인별 STAT'!$D:$D, $D27, '4월 삼척 개인별 STAT'!$E:$E, $E27) -> 10 | R27: =if(Q27+P27+N27=0,"-",Q27+P27+N27) -> 55 | S27: =if(iferror((N27-Q27)/R27,0)=0,"-",round((N27-Q27)/R27,2)) -> 0.16 | T27: =SUMIFS('3월 단양 개인별 STAT'!T:T, '3월 단양 개인별 STAT'!$D:$D, $D27, '3월 단양 개인별 STAT'!$E:$E, $E27) + SUMIFS('4월 삼척 개인별 STAT'!T:T, '4월 삼척 개인별 STAT'!$D:$D, $D27, '4월 삼척 개인별 STAT'!$E:$E, $E27) -> 2 | U27: =SUMIFS('3월 단양 개인별 STAT'!U:U, '3월 단양 개인별 STAT'!$D:$D, $D27, '3월 단양 개인별 STAT'!$E:$E, $E27) + SUMIFS('4월 삼척 개인별 STAT'!U:U, '4월 삼척 개인별 STAT'!$D:$D, $D27, '4월 삼척 개인별 STAT'!$E:$E, $E27) -> 0 | V27: =SUMIFS('3월 단양 개인별 STAT'!V:V, '3월 단양 개인별 STAT'!$D:$D, $D27, '3월 단양 개인별 STAT'!$E:$E, $E27) + SUMIFS('4월 삼척 개인별 STAT'!V:V, '4월 삼척 개인별 STAT'!$D:$D, $D27, '4월 삼척 개인별 STAT'!$E:$E, $E27) -> 0 | W27: =SUMIFS('3월 단양 개인별 STAT'!W:W, '3월 단양 개인별 STAT'!$D:$D, $D27, '3월 단양 개인별 STAT'!$E:$E, $E27) + SUMIFS('4월 삼척 개인별 STAT'!W:W, '4월 삼척 개인별 STAT'!$D:$D, $D27, '4월 삼척 개인별 STAT'!$E:$E, $E27) -> 29 | X27: =SUMIFS('3월 단양 개인별 STAT'!X:X, '3월 단양 개인별 STAT'!$D:$D, $D27, '3월 단양 개인별 STAT'!$E:$E, $E27) + SUMIFS('4월 삼척 개인별 STAT'!X:X, '4월 삼척 개인별 STAT'!$D:$D, $D27, '4월 삼척 개인별 STAT'!$E:$E, $E27) -> 2 | Y27: =SUMIFS('3월 단양 개인별 STAT'!Y:Y, '3월 단양 개인별 STAT'!$D:$D, $D27, '3월 단양 개인별 STAT'!$E:$E, $E27) + SUMIFS('4월 삼척 개인별 STAT'!Y:Y, '4월 삼척 개인별 STAT'!$D:$D, $D27, '4월 삼척 개인별 STAT'!$E:$E, $E27) -> 2 | Z27: =IF(Y27+X27+W27=0,"-",Y27+X27+W27) -> 33 | AA27: =SUMIFS('3월 단양 개인별 STAT'!AA:AA, '3월 단양 개인별 STAT'!$D:$D, $D27, '3월 단양 개인별 STAT'!$E:$E, $E27) + SUMIFS('4월 삼척 개인별 STAT'!AA:AA, '4월 삼척 개인별 STAT'!$D:$D, $D27, '4월 삼척 개인별 STAT'!$E:$E, $E27) -> 0 | AB27: =if((T27+X27+N27)=0, "-",T27+X27+N27) -> 23 | AC27: =N27+T27+X27+(V27*0.75) -> 23 | AD27: =IF(AE27+AF27=0,"-",AE27+AF27) -> 46 | AE27: =SUMIFS('3월 단양 개인별 STAT'!AE:AE, '3월 단양 개인별 STAT'!$D:$D, $D27, '3월 단양 개인별 STAT'!$E:$E, $E27) + SUMIFS('4월 삼척 개인별 STAT'!AE:AE, '4월 삼척 개인별 STAT'!$D:$D, $D27, '4월 삼척 개인별 STAT'!$E:$E, $E27) -> 42 | AF27: =SUMIFS('3월 단양 개인별 STAT'!AF:AF, '3월 단양 개인별 STAT'!$D:$D, $D27, '3월 단양 개인별 STAT'!$E:$E, $E27) + SUMIFS('4월 삼척 개인별 STAT'!AF:AF, '4월 삼척 개인별 STAT'!$D:$D, $D27, '4월 삼척 개인별 STAT'!$E:$E, $E27) -> 4 | AG27: =iferror((AE27/AD27)*100,"-") -> 91.304348 | AH27: =SUMIFS('3월 단양 개인별 STAT'!AH:AH, '3월 단양 개인별 STAT'!$D:$D, $D27, '3월 단양 개인별 STAT'!$E:$E, $E27) + SUMIFS('4월 삼척 개인별 STAT'!AH:AH, '4월 삼척 개인별 STAT'!$D:$D, $D27, '4월 삼척 개인별 STAT'!$E:$E, $E27) -> 14 | AI27: =IFERROR(IF(MOD(AH27/M27, 1)=0, TEXT(AH27/M27, "0"), TEXT(AH27/M27, "0.00")), "-") -> 1.40 | AL27: =iferror(N27/$M27,"-") -> 1.9 | AM27: =iferror(R27/$M27,"-") -> 5.5 | AN27: =iferror(N27/R27,"-") -> 0.34545455 | AO27: =iferror(T27/$M27,"-") -> 0.2 | AP27: =iferror(X27/$M27,"-") -> 0.2 | AQ27: =iferror(AB27/$M27,"-") -> 2.3 | AR27: =iferror(AC27/$M27,"-") -> 2.3 | AS27: =iferror(AF27/M27,"-") -> 0.4 | AT27: =AI27 -> 1.40
... B112: 109 | C112: =if(D112=D111,C111+1,1) -> 7 | D112: 제천여고 | E112: 이지우 | F112: 1 | G112: S | H112: OP | I112: 165 | J112: 55 | K112: 9 | L112: =SUMIFS('3월 단양 개인별 STAT'!L:L, '3월 단양 개인별 STAT'!$D:$D, $D112, '3월 단양 개인별 STAT'!$E:$E, $E112) + SUMIFS('4월 삼척 개인별 STAT'!L:L, '4월 삼척 개인별 STAT'!$D:$D, $D112, '4월 삼척 개인별 STAT'!$E:$E, $E112) -> 5 | M112: =SUMIFS('3월 단양 개인별 STAT'!M:M, '3월 단양 개인별 STAT'!$D:$D, $D112, '3월 단양 개인별 STAT'!$E:$E, $E112) + SUMIFS('4월 삼척 개인별 STAT'!M:M, '4월 삼척 개인별 STAT'!$D:$D, $D112, '4월 삼척 개인별 STAT'!$E:$E, $E112) -> 15 | N112: =SUMIFS('3월 단양 개인별 STAT'!N:N, '3월 단양 개인별 STAT'!$D:$D, $D112, '3월 단양 개인별 STAT'!$E:$E, $E112) + SUMIFS('4월 삼척 개인별 STAT'!N:N, '4월 삼척 개인별 STAT'!$D:$D, $D112, '4월 삼척 개인별 STAT'!$E:$E, $E112) -> 5 | O112: =SUMIFS('3월 단양 개인별 STAT'!O:O, '3월 단양 개인별 STAT'!$D:$D, $D112, '3월 단양 개인별 STAT'!$E:$E, $E112) + SUMIFS('4월 삼척 개인별 STAT'!O:O, '4월 삼척 개인별 STAT'!$D:$D, $D112, '4월 삼척 개인별 STAT'!$E:$E, $E112) -> 79 | P112: =SUMIFS('3월 단양 개인별 STAT'!P:P, '3월 단양 개인별 STAT'!$D:$D, $D112, '3월 단양 개인별 STAT'!$E:$E, $E112) + SUMIFS('4월 삼척 개인별 STAT'!P:P, '4월 삼척 개인별 STAT'!$D:$D, $D112, '4월 삼척 개인별 STAT'!$E:$E, $E112) -> 7 | Q112: =SUMIFS('3월 단양 개인별 STAT'!Q:Q, '3월 단양 개인별 STAT'!$D:$D, $D112, '3월 단양 개인별 STAT'!$E:$E, $E112) + SUMIFS('4월 삼척 개인별 STAT'!Q:Q, '4월 삼척 개인별 STAT'!$D:$D, $D112, '4월 삼척 개인별 STAT'!$E:$E, $E112) -> 4 | R112: =if(Q112+P112+N112=0,"-",Q112+P112+N112) -> 16 | S112: =if(iferror((N112-Q112)/R112,0)=0,"-",round((N112-Q112)/R112,2)) -> 0.06 | T112: =SUMIFS('3월 단양 개인별 STAT'!T:T, '3월 단양 개인별 STAT'!$D:$D, $D112, '3월 단양 개인별 STAT'!$E:$E, $E112) + SUMIFS('4월 삼척 개인별 STAT'!T:T, '4월 삼척 개인별 STAT'!$D:$D, $D112, '4월 삼척 개인별 STAT'!$E:$E, $E112) -> 3 | U112: =SUMIFS('3월 단양 개인별 STAT'!U:U, '3월 단양 개인별 STAT'!$D:$D, $D112, '3월 단양 개인별 STAT'!$E:$E, $E112) + SUMIFS('4월 삼척 개인별 STAT'!U:U, '4월 삼척 개인별 STAT'!$D:$D, $D112, '4월 삼척 개인별 STAT'!$E:$E, $E112) -> 2 | V112: =SUMIFS('3월 단양 개인별 STAT'!V:V, '3월 단양 개인별 STAT'!$D:$D, $D112, '3월 단양 개인별 STAT'!$E:$E, $E112) + SUMIFS('4월 삼척 개인별 STAT'!V:V, '4월 삼척 개인별 STAT'!$D:$D, $D112, '4월 삼척 개인별 STAT'!$E:$E, $E112) -> 0 | W112: =SUMIFS('3월 단양 개인별 STAT'!W:W, '3월 단양 개인별 STAT'!$D:$D, $D112, '3월 단양 개인별 STAT'!$E:$E, $E112) + SUMIFS('4월 삼척 개인별 STAT'!W:W, '4월 삼척 개인별 STAT'!$D:$D, $D112, '4월 삼척 개인별 STAT'!$E:$E, $E112) -> 25 | X112: =SUMIFS('3월 단양 개인별 STAT'!X:X, '3월 단양 개인별 STAT'!$D:$D, $D112, '3월 단양 개인별 STAT'!$E:$E, $E112) + SUMIFS('4월 삼척 개인별 STAT'!X:X, '4월 삼척 개인별 STAT'!$D:$D, $D112, '4월 삼척 개인별 STAT'!$E:$E, $E112) -> 3 | Y112: =SUMIFS('3월 단양 개인별 STAT'!Y:Y, '3월 단양 개인별 STAT'!$D:$D, $D112, '3월 단양 개인별 STAT'!$E:$E, $E112) + SUMIFS('4월 삼척 개인별 STAT'!Y:Y, '4월 삼척 개인별 STAT'!$D:$D, $D112, '4월 삼척 개인별 STAT'!$E:$E, $E112) -> 4 | Z112: =IF(Y112+X112+W112=0,"-",Y112+X112+W112) -> 32 | AA112: =SUMIFS('3월 단양 개인별 STAT'!AA:AA, '3월 단양 개인별 STAT'!$D:$D, $D112, '3월 단양 개인별 STAT'!$E:$E, $E112) + SUMIFS('4월 삼척 개인별 STAT'!AA:AA, '4월 삼척 개인별 STAT'!$D:$D, $D112, '4월 삼척 개인별 STAT'!$E:$E, $E112) -> 6 | AB112: =if((T112+X112+N112)=0, "-",T112+X112+N112) -> 11 | AC112: =N112+T112+X112+(V112*0.75) -> 11 | AD112: =IF(AE112+AF112=0,"-",AE112+AF112) -> 9 | AE112: =SUMIFS('3월 단양 개인별 STAT'!AE:AE, '3월 단양 개인별 STAT'!$D:$D, $D112, '3월 단양 개인별 STAT'!$E:$E, $E112) + SUMIFS('4월 삼척 개인별 STAT'!AE:AE, '4월 삼척 개인별 STAT'!$D:$D, $D112, '4월 삼척 개인별 STAT'!$E:$E, $E112) -> 1 | AF112: =SUMIFS('3월 단양 개인별 STAT'!AF:AF, '3월 단양 개인별 STAT'!$D:$D, $D112, '3월 단양 개인별 STAT'!$E:$E, $E112) + SUMIFS('4월 삼척 개인별 STAT'!AF:AF, '4월 삼척 개인별 STAT'!$D:$D, $D112, '4월 삼척 개인별 STAT'!$E:$E, $E112) -> 8 | AG112: =iferror((AE112/AD112)*100,"-") -> 11.111111 | AH112: =SUMIFS('3월 단양 개인별 STAT'!AH:AH, '3월 단양 개인별 STAT'!$D:$D, $D112, '3월 단양 개인별 STAT'!$E:$E, $E112) + SUMIFS('4월 삼척 개인별 STAT'!AH:AH, '4월 삼척 개인별 STAT'!$D:$D, $D112, '4월 삼척 개인별 STAT'!$E:$E, $E112) -> 21 | AI112: =IFERROR(IF(MOD(AH112/M112, 1)=0, TEXT(AH112/M112, "0"), TEXT(AH112/M112, "0.00")), "-") -> 1.40 | AL112: =iferror(N112/$M112,"-") -> 0.33333333 | AM112: =iferror(R112/$M112,"-") -> 1.0666667 | AN112: =iferror(N112/R112,"-") -> 0.3125 | AO112: =iferror(T112/$M112,"-") -> 0.2 | AP112: =iferror(X112/$M112,"-") -> 0.2 | AQ112: =iferror(AB112/$M112,"-") -> 0.73333333 | AR112: =iferror(AC112/$M112,"-") -> 0.73333333 | AS112: =iferror(AF112/M112,"-") -> 0.53333333 | AT112: =AI112 -> 1.40
B113: 110 | C113: =if(D113=D112,C112+1,1) -> 8 | D113: 제천여고 | E113: 김아란 | F113: 3 | G113: OH | H113: Li | I113: 175 | J113: 65 | K113: 10 | L113: 3 | M113: 9 | N113: 19 | O113: 3 | P113: 42 | Q113: 17 | R113: =if(Q113+P113+N113=0,"-",Q113+P113+N113) -> 78 | S113: =if(iferror((N113-Q113)/R113,0)=0,"-",round((N113-Q113)/R113,2)) -> 0.03 | T113: 0 | U113: 0 | V113: 0 | W113: 22 | X113: 2 | Y113: 1 | Z113: =IF(Y113+X113+W113=0,"-",Y113+X113+W113) -> 25 | AA113: 0 | AB113: =if((T113+X113+N113)=0, "-",T113+X113+N113) -> 21 | AC113: =N113+T113+X113+(V113*0.75) -> 21 | AD113: =IF(AE113+AF113=0,"-",AE113+AF113) -> 56 | AE113: 50 | AF113: 6 | AG113: =iferror((AE113/AD113)*100,"-") -> 89.285714 | AH113: 13 | AI113: =IFERROR(IF(MOD(AH113/M113, 1)=0, TEXT(AH113/M113, "0"), TEXT(AH113/M113, "0.00")), "-") -> 1.44 | AL113: =iferror(N113/$M113,"-") -> 2.1111111 | AM113: =iferror(R113/$M113,"-") -> 8.6666667 | AN113: =iferror(N113/R113,"-") -> 0.24358974 | AO113: =iferror(T113/$M113,"-") -> 0 | AP113: =iferror(X113/$M113,"-") -> 0.22222222 | AQ113: =iferror(AB113/$M113,"-") -> 2.3333333 | AR113: =iferror(AC113/$M113,"-") -> 2.3333333 | AS113: =iferror(AF113/M113,"-") -> 0.66666667 | AT113: =AI113 -> 1.44
B114: 111 | C114: =if(D114=D113,C113+1,1) -> 9 | D114: 제천여고 | E114: 이가영 | F114: 2 | G114: MB | H114: OH | I114: 175 | J114: 60 | K114: 11 | L114: =SUMIFS('3월 단양 개인별 STAT'!L:L, '3월 단양 개인별 STAT'!$D:$D, $D114, '3월 단양 개인별 STAT'!$E:$E, $E114) + SUMIFS('4월 삼척 개인별 STAT'!L:L, '4월 삼척 개인별 STAT'!$D:$D, $D114, '4월 삼척 개인별 STAT'!$E:$E, $E114) -> 5 | M114: =SUMIFS('3월 단양 개인별 STAT'!M:M, '3월 단양 개인별 STAT'!$D:$D, $D114, '3월 단양 개인별 STAT'!$E:$E, $E114) + SUMIFS('4월 삼척 개인별 STAT'!M:M, '4월 삼척 개인별 STAT'!$D:$D, $D114, '4월 삼척 개인별 STAT'!$E:$E, $E114) -> 15 | N114: =SUMIFS('3월 단양 개인별 STAT'!N:N, '3월 단양 개인별 STAT'!$D:$D, $D114, '3월 단양 개인별 STAT'!$E:$E, $E114) + SUMIFS('4월 삼척 개인별 STAT'!N:N, '4월 삼척 개인별 STAT'!$D:$D, $D114, '4월 삼척 개인별 STAT'!$E:$E, $E114) -> 17 | O114: =SUMIFS('3월 단양 개인별 STAT'!O:O, '3월 단양 개인별 STAT'!$D:$D, $D114, '3월 단양 개인별 STAT'!$E:$E, $E114) + SUMIFS('4월 삼척 개인별 STAT'!O:O, '4월 삼척 개인별 STAT'!$D:$D, $D114, '4월 삼척 개인별 STAT'!$E:$E, $E114) -> 1 | P114: =SUMIFS('3월 단양 개인별 STAT'!P:P, '3월 단양 개인별 STAT'!$D:$D, $D114, '3월 단양 개인별 STAT'!$E:$E, $E114) + SUMIFS('4월 삼척 개인별 STAT'!P:P, '4월 삼척 개인별 STAT'!$D:$D, $D114, '4월 삼척 개인별 STAT'!$E:$E, $E114) -> 25 | Q114: =SUMIFS('3월 단양 개인별 STAT'!Q:Q, '3월 단양 개인별 STAT'!$D:$D, $D114, '3월 단양 개인별 STAT'!$E:$E, $E114) + SUMIFS('4월 삼척 개인별 STAT'!Q:Q, '4월 삼척 개인별 STAT'!$D:$D, $D114, '4월 삼척 개인별 STAT'!$E:$E, $E114) -> 9 | R114: =if(Q114+P114+N114=0,"-",Q114+P114+N114) -> 51 | S114: =if(iferror((N114-Q114)/R114,0)=0,"-",round((N114-Q114)/R114,2)) -> 0.16 | T114: =SUMIFS('3월 단양 개인별 STAT'!T:T, '3월 단양 개인별 STAT'!$D:$D, $D114, '3월 단양 개인별 STAT'!$E:$E, $E114) + SUMIFS('4월 삼척 개인별 STAT'!T:T, '4월 삼척 개인별 STAT'!$D:$D, $D114, '4월 삼척 개인별 STAT'!$E:$E, $E114) -> 2 | U114: =SUMIFS('3월 단양 개인별 STAT'!U:U, '3월 단양 개인별 STAT'!$D:$D, $D114, '3월 단양 개인별 STAT'!$E:$E, $E114) + SUMIFS('4월 삼척 개인별 STAT'!U:U, '4월 삼척 개인별 STAT'!$D:$D, $D114, '4월 삼척 개인별 STAT'!$E:$E, $E114) -> 0 | V114: =SUMIFS('3월 단양 개인별 STAT'!V:V, '3월 단양 개인별 STAT'!$D:$D, $D114, '3월 단양 개인별 STAT'!$E:$E, $E114) + SUMIFS('4월 삼척 개인별 STAT'!V:V, '4월 삼척 개인별 STAT'!$D:$D, $D114, '4월 삼척 개인별 STAT'!$E:$E, $E114) -> 2 | W114: =SUMIFS('3월 단양 개인별 STAT'!W:W, '3월 단양 개인별 STAT'!$D:$D, $D114, '3월 단양 개인별 STAT'!$E:$E, $E114) + SUMIFS('4월 삼척 개인별 STAT'!W:W, '4월 삼척 개인별 STAT'!$D:$D, $D114, '4월 삼척 개인별 STAT'!$E:$E, $E114) -> 22 | X114: =SUMIFS('3월 단양 개인별 STAT'!X:X, '3월 단양 개인별 STAT'!$D:$D, $D114, '3월 단양 개인별 STAT'!$E:$E, $E114) + SUMIFS('4월 삼척 개인별 STAT'!X:X, '4월 삼척 개인별 STAT'!$D:$D, $D114, '4월 삼척 개인별 STAT'!$E:$E, $E114) -> 1 | Y114: =SUMIFS('3월 단양 개인별 STAT'!Y:Y, '3월 단양 개인별 STAT'!$D:$D, $D114, '3월 단양 개인별 STAT'!$E:$E, $E114) + SUMIFS('4월 삼척 개인별 STAT'!Y:Y, '4월 삼척 개인별 STAT'!$D:$D, $D114, '4월 삼척 개인별 STAT'!$E:$E, $E114) -> 6 | Z114: =IF(Y114+X114+W114=0,"-",Y114+X114+W114) -> 29 | AA114: =SUMIFS('3월 단양 개인별 STAT'!AA:AA, '3월 단양 개인별 STAT'!$D:$D, $D114, '3월 단양 개인별 STAT'!$E:$E, $E114) + SUMIFS('4월 삼척 개인별 STAT'!AA:AA, '4월 삼척 개인별 STAT'!$D:$D, $D114, '4월 삼척 개인별 STAT'!$E:$E, $E114) -> 0 | AB114: =if((T114+X114+N114)=0, "-",T114+X114+N114) -> 20 | AC114: =N114+T114+X114+(V114*0.75) -> 21.5 | AD114: =IF(AE114+AF114=0,"-",AE114+AF114) -> 6 | AE114: =SUMIFS('3월 단양 개인별 STAT'!AE:AE, '3월 단양 개인별 STAT'!$D:$D, $D114, '3월 단양 개인별 STAT'!$E:$E, $E114) + SUMIFS('4월 삼척 개인별 STAT'!AE:AE, '4월 삼척 개인별 STAT'!$D:$D, $D114, '4월 삼척 개인별 STAT'!$E:$E, $E114) -> 5 | AF114: =SUMIFS('3월 단양 개인별 STAT'!AF:AF, '3월 단양 개인별 STAT'!$D:$D, $D114, '3월 단양 개인별 STAT'!$E:$E, $E114) + SUMIFS('4월 삼척 개인별 STAT'!AF:AF, '4월 삼척 개인별 STAT'!$D:$D, $D114, '4월 삼척 개인별 STAT'!$E:$E, $E114) -> 1 | AG114: =iferror((AE114/AD114)*100,"-") -> 83.333333 | AH114: =SUMIFS('3월 단양 개인별 STAT'!AH:AH, '3월 단양 개인별 STAT'!$D:$D, $D114, '3월 단양 개인별 STAT'!$E:$E, $E114) + SUMIFS('4월 삼척 개인별 STAT'!AH:AH, '4월 삼척 개인별 STAT'!$D:$D, $D114, '4월 삼척 개인별 STAT'!$E:$E, $E114) -> 4 | AI114: =IFERROR(IF(MOD(AH114/M114, 1)=0, TEXT(AH114/M114, "0"), TEXT(AH114/M114, "0.00")), "-") -> 0.27 | AL114: =iferror(N114/$M114,"-") -> 1.1333333 | AM114: =iferror(R114/$M114,"-") -> 3.4 | AN114: =iferror(N114/R114,"-") -> 0.33333333 | AO114: =iferror(T114/$M114,"-") -> 0.13333333 | AP114: =iferror(X114/$M114,"-") -> 0.066666667 | AQ114: =iferror(AB114/$M114,"-") -> 1.3333333 | AR114: =iferror(AC114/$M114,"-") -> 1.4333333 | AS114: =iferror(AF114/M114,"-") -> 0.066666667 | AT114: =AI114 -> 0.27
B115: 112 | C115: =if(D115=D114,C114+1,1) -> 10 | D115: 제천여고 | E115: 박소진 | F115: 1 | G115: OH | H115: OP | I115: 168 | J115: 53 | K115: 12 | L115: =SUMIFS('3월 단양 개인별 STAT'!L:L, '3월 단양 개인별 STAT'!$D:$D, $D115, '3월 단양 개인별 STAT'!$E:$E, $E115) + SUMIFS('4월 삼척 개인별 STAT'!L:L, '4월 삼척 개인별 STAT'!$D:$D, $D115, '4월 삼척 개인별 STAT'!$E:$E, $E115) -> 4 | M115: =SUMIFS('3월 단양 개인별 STAT'!M:M, '3월 단양 개인별 STAT'!$D:$D, $D115, '3월 단양 개인별 STAT'!$E:$E, $E115) + SUMIFS('4월 삼척 개인별 STAT'!M:M, '4월 삼척 개인별 STAT'!$D:$D, $D115, '4월 삼척 개인별 STAT'!$E:$E, $E115) -> 8 | N115: =SUMIFS('3월 단양 개인별 STAT'!N:N, '3월 단양 개인별 STAT'!$D:$D, $D115, '3월 단양 개인별 STAT'!$E:$E, $E115) + SUMIFS('4월 삼척 개인별 STAT'!N:N, '4월 삼척 개인별 STAT'!$D:$D, $D115, '4월 삼척 개인별 STAT'!$E:$E, $E115) -> 0 | O115: =SUMIFS('3월 단양 개인별 STAT'!O:O, '3월 단양 개인별 STAT'!$D:$D, $D115, '3월 단양 개인별 STAT'!$E:$E, $E115) + SUMIFS('4월 삼척 개인별 STAT'!O:O, '4월 삼척 개인별 STAT'!$D:$D, $D115, '4월 삼척 개인별 STAT'!$E:$E, $E115) -> 0 | P115: =SUMIFS('3월 단양 개인별 STAT'!P:P, '3월 단양 개인별 STAT'!$D:$D, $D115, '3월 단양 개인별 STAT'!$E:$E, $E115) + SUMIFS('4월 삼척 개인별 STAT'!P:P, '4월 삼척 개인별 STAT'!$D:$D, $D115, '4월 삼척 개인별 STAT'!$E:$E, $E115) -> 0 | Q115: =SUMIFS('3월 단양 개인별 STAT'!Q:Q, '3월 단양 개인별 STAT'!$D:$D, $D115, '3월 단양 개인별 STAT'!$E:$E, $E115) + SUMIFS('4월 삼척 개인별 STAT'!Q:Q, '4월 삼척 개인별 STAT'!$D:$D, $D115, '4월 삼척 개인별 STAT'!$E:$E, $E115) -> 0 | R115: =if(Q115+P115+N115=0,"-",Q115+P115+N115) -> - | S115: =if(iferror((N115-Q115)/R115,0)=0,"-",round((N115-Q115)/R115,2)) -> - | T115: =SUMIFS('3월 단양 개인별 STAT'!T:T, '3월 단양 개인별 STAT'!$D:$D, $D115, '3월 단양 개인별 STAT'!$E:$E, $E115) + SUMIFS('4월 삼척 개인별 STAT'!T:T, '4월 삼척 개인별 STAT'!$D:$D, $D115, '4월 삼척 개인별 STAT'!$E:$E, $E115) -> 0 | U115: =SUMIFS('3월 단양 개인별 STAT'!U:U, '3월 단양 개인별 STAT'!$D:$D, $D115, '3월 단양 개인별 STAT'!$E:$E, $E115) + SUMIFS('4월 삼척 개인별 STAT'!U:U, '4월 삼척 개인별 STAT'!$D:$D, $D115, '4월 삼척 개인별 STAT'!$E:$E, $E115) -> 0 | V115: =SUMIFS('3월 단양 개인별 STAT'!V:V, '3월 단양 개인별 STAT'!$D:$D, $D115, '3월 단양 개인별 STAT'!$E:$E, $E115) + SUMIFS('4월 삼척 개인별 STAT'!V:V, '4월 삼척 개인별 STAT'!$D:$D, $D115, '4월 삼척 개인별 STAT'!$E:$E, $E115) -> 0 | W115: =SUMIFS('3월 단양 개인별 STAT'!W:W, '3월 단양 개인별 STAT'!$D:$D, $D115, '3월 단양 개인별 STAT'!$E:$E, $E115) + SUMIFS('4월 삼척 개인별 STAT'!W:W, '4월 삼척 개인별 STAT'!$D:$D, $D115, '4월 삼척 개인별 STAT'!$E:$E, $E115) -> 5 | X115: =SUMIFS('3월 단양 개인별 STAT'!X:X, '3월 단양 개인별 STAT'!$D:$D, $D115, '3월 단양 개인별 STAT'!$E:$E, $E115) + SUMIFS('4월 삼척 개인별 STAT'!X:X, '4월 삼척 개인별 STAT'!$D:$D, $D115, '4월 삼척 개인별 STAT'!$E:$E, $E115) -> 1 | Y115: =SUMIFS('3월 단양 개인별 STAT'!Y:Y, '3월 단양 개인별 STAT'!$D:$D, $D115, '3월 단양 개인별 STAT'!$E:$E, $E115) + SUMIFS('4월 삼척 개인별 STAT'!Y:Y, '4월 삼척 개인별 STAT'!$D:$D, $D115, '4월 삼척 개인별 STAT'!$E:$E, $E115) -> 2 | Z115: =IF(Y115+X115+W115=0,"-",Y115+X115+W115) -> 8 | AA115: =SUMIFS('3월 단양 개인별 STAT'!AA:AA, '3월 단양 개인별 STAT'!$D:$D, $D115, '3월 단양 개인별 STAT'!$E:$E, $E115) + SUMIFS('4월 삼척 개인별 STAT'!AA:AA, '4월 삼척 개인별 STAT'!$D:$D, $D115, '4월 삼척 개인별 STAT'!$E:$E, $E115) -> 0 | AB115: =if((T115+X115+N115)=0, "-",T115+X115+N115) -> 1 | AC115: =N115+T115+X115+(V115*0.75) -> 1 | AD115: =IF(AE115+AF115=0,"-",AE115+AF115) -> 2 | AE115: =SUMIFS('3월 단양 개인별 STAT'!AE:AE, '3월 단양 개인별 STAT'!$D:$D, $D115, '3월 단양 개인별 STAT'!$E:$E, $E115) + SUMIFS('4월 삼척 개인별 STAT'!AE:AE, '4월 삼척 개인별 STAT'!$D:$D, $D115, '4월 삼척 개인별 STAT'!$E:$E, $E115) -> 1 | AF115: =SUMIFS('3월 단양 개인별 STAT'!AF:AF, '3월 단양 개인별 STAT'!$D:$D, $D115, '3월 단양 개인별 STAT'!$E:$E, $E115) + SUMIFS('4월 삼척 개인별 STAT'!AF:AF, '4월 삼척 개인별 STAT'!$D:$D, $D115, '4월 삼척 개인별 STAT'!$E:$E, $E115) -> 1 | AG115: =iferror((AE115/AD115)*100,"-") -> 50 | AH115: =SUMIFS('3월 단양 개인별 STAT'!AH:AH, '3월 단양 개인별 STAT'!$D:$D, $D115, '3월 단양 개인별 STAT'!$E:$E, $E115) + SUMIFS('4월 삼척 개인별 STAT'!AH:AH, '4월 삼척 개인별 STAT'!$D:$D, $D115, '4월 삼척 개인별 STAT'!$E:$E, $E115) -> 1 | AI115: =IFERROR(IF(MOD(AH115/M115, 1)=0, TEXT(AH115/M115, "0"), TEXT(AH115/M115, "0.00")), "-") -> 0.13 | AL115: =iferror(N115/$M115,"-") -> 0 | AM115: =iferror(R115/$M115,"-") -> - | AN115: =iferror(N115/R115,"-") -> - | AO115: =iferror(T115/$M115,"-") -> 0 | AP115: =iferror(X115/$M115,"-") -> 0.125 | AQ115: =iferror(AB115/$M115,"-") -> 0.125 | AR115: =iferror(AC115/$M115,"-") -> 0.125 | AS115: =iferror(AF115/M115,"-") -> 0.125 | AT115: =AI115 -> 0.13
B116: 113 | C116: =if(D116=D115,C115+1,1) -> 1 | D116: 한봄고 | E116: 강혜원 | F116: 3 | G116: S | H116: - | I116: 177 | J116: 60 | K116: 1 | L116: =SUMIFS('3월 단양 개인별 STAT'!L:L, '3월 단양 개인별 STAT'!$D:$D, $D116, '3월 단양 개인별 STAT'!$E:$E, $E116) + SUMIFS('4월 삼척 개인별 STAT'!L:L, '4월 삼척 개인별 STAT'!$D:$D, $D116, '4월 삼척 개인별 STAT'!$E:$E, $E116) -> 2 | M116: =SUMIFS('3월 단양 개인별 STAT'!M:M, '3월 단양 개인별 STAT'!$D:$D, $D116, '3월 단양 개인별 STAT'!$E:$E, $E116) + SUMIFS('4월 삼척 개인별 STAT'!M:M, '4월 삼척 개인별 STAT'!$D:$D, $D116, '4월 삼척 개인별 STAT'!$E:$E, $E116) -> 8 | N116: =SUMIFS('3월 단양 개인별 STAT'!N:N, '3월 단양 개인별 STAT'!$D:$D, $D116, '3월 단양 개인별 STAT'!$E:$E, $E116) + SUMIFS('4월 삼척 개인별 STAT'!N:N, '4월 삼척 개인별 STAT'!$D:$D, $D116, '4월 삼척 개인별 STAT'!$E:$E, $E116) -> 0 | O116: =SUMIFS('3월 단양 개인별 STAT'!O:O, '3월 단양 개인별 STAT'!$D:$D, $D116, '3월 단양 개인별 STAT'!$E:$E, $E116) + SUMIFS('4월 삼척 개인별 STAT'!O:O, '4월 삼척 개인별 STAT'!$D:$D, $D116, '4월 삼척 개인별 STAT'!$E:$E, $E116) -> 73 | P116: =SUMIFS('3월 단양 개인별 STAT'!P:P, '3월 단양 개인별 STAT'!$D:$D, $D116, '3월 단양 개인별 STAT'!$E:$E, $E116) + SUMIFS('4월 삼척 개인별 STAT'!P:P, '4월 삼척 개인별 STAT'!$D:$D, $D116, '4월 삼척 개인별 STAT'!$E:$E, $E116) -> 1 | Q116: =SUMIFS('3월 단양 개인별 STAT'!Q:Q, '3월 단양 개인별 STAT'!$D:$D, $D116, '3월 단양 개인별 STAT'!$E:$E, $E116) + SUMIFS('4월 삼척 개인별 STAT'!Q:Q, '4월 삼척 개인별 STAT'!$D:$D, $D116, '4월 삼척 개인별 STAT'!$E:$E, $E116) -> 2 | R116: =if(Q116+P116+N116=0,"-",Q116+P116+N116) -> 3 | S116: =if(iferror((N116-Q116)/R116,0)=0,"-",round((N116-Q116)/R116,2)) -> -0.67 | T116: =SUMIFS('3월 단양 개인별 STAT'!T:T, '3월 단양 개인별 STAT'!$D:$D, $D116, '3월 단양 개인별 STAT'!$E:$E, $E116) + SUMIFS('4월 삼척 개인별 STAT'!T:T, '4월 삼척 개인별 STAT'!$D:$D, $D116, '4월 삼척 개인별 STAT'!$E:$E, $E116) -> 4 | U116: =SUMIFS('3월 단양 개인별 STAT'!U:U, '3월 단양 개인별 STAT'!$D:$D, $D116, '3월 단양 개인별 STAT'!$E:$E, $E116) + SUMIFS('4월 삼척 개인별 STAT'!U:U, '4월 삼척 개인별 STAT'!$D:$D, $D116, '4월 삼척 개인별 STAT'!$E:$E, $E116) -> 0 | V116: =SUMIFS('3월 단양 개인별 STAT'!V:V, '3월 단양 개인별 STAT'!$D:$D, $D116, '3월 단양 개인별 STAT'!$E:$E, $E116) + SUMIFS('4월 삼척 개인별 STAT'!V:V, '4월 삼척 개인별 STAT'!$D:$D, $D116, '4월 삼척 개인별 STAT'!$E:$E, $E116) -> 0 | W116: =SUMIFS('3월 단양 개인별 STAT'!W:W, '3월 단양 개인별 STAT'!$D:$D, $D116, '3월 단양 개인별 STAT'!$E:$E, $E116) + SUMIFS('4월 삼척 개인별 STAT'!W:W, '4월 삼척 개인별 STAT'!$D:$D, $D116, '4월 삼척 개인별 STAT'!$E:$E, $E116) -> 19 | X116: =SUMIFS('3월 단양 개인별 STAT'!X:X, '3월 단양 개인별 STAT'!$D:$D, $D116, '3월 단양 개인별 STAT'!$E:$E, $E116) + SUMIFS('4월 삼척 개인별 STAT'!X:X, '4월 삼척 개인별 STAT'!$D:$D, $D116, '4월 삼척 개인별 STAT'!$E:$E, $E116) -> 1 | Y116: =SUMIFS('3월 단양 개인별 STAT'!Y:Y, '3월 단양 개인별 STAT'!$D:$D, $D116, '3월 단양 개인별 STAT'!$E:$E, $E116) + SUMIFS('4월 삼척 개인별 STAT'!Y:Y, '4월 삼척 개인별 STAT'!$D:$D, $D116, '4월 삼척 개인별 STAT'!$E:$E, $E116) -> 0 | Z116: =IF(Y116+X116+W116=0,"-",Y116+X116+W116) -> 20 | AA116: =SUMIFS('3월 단양 개인별 STAT'!AA:AA, '3월 단양 개인별 STAT'!$D:$D, $D116, '3월 단양 개인별 STAT'!$E:$E, $E116) + SUMIFS('4월 삼척 개인별 STAT'!AA:AA, '4월 삼척 개인별 STAT'!$D:$D, $D116, '4월 삼척 개인별 STAT'!$E:$E, $E116) -> 3 | AB116: =if((T116+X116+N116)=0, "-",T116+X116+N116) -> 5 | AC116: =N116+T116+X116+(V116*0.75) -> 5 | AD116: =IF(AE116+AF116=0,"-",AE116+AF116) -> 6 | AE116: =SUMIFS('3월 단양 개인별 STAT'!AE:AE, '3월 단양 개인별 STAT'!$D:$D, $D116, '3월 단양 개인별 STAT'!$E:$E, $E116) + SUMIFS('4월 삼척 개인별 STAT'!AE:AE, '4월 삼척 개인별 STAT'!$D:$D, $D116, '4월 삼척 개인별 STAT'!$E:$E, $E116) -> 3 | AF116: =SUMIFS('3월 단양 개인별 STAT'!AF:AF, '3월 단양 개인별 STAT'!$D:$D, $D116, '3월 단양 개인별 STAT'!$E:$E, $E116) + SUMIFS('4월 삼척 개인별 STAT'!AF:AF, '4월 삼척 개인별 STAT'!$D:$D, $D116, '4월 삼척 개인별 STAT'!$E:$E, $E116) -> 3 | AG116: =iferror((AE116/AD116)*100,"-") -> 50 | AH116: =SUMIFS('3월 단양 개인별 STAT'!AH:AH, '3월 단양 개인별 STAT'!$D:$D, $D116, '3월 단양 개인별 STAT'!$E:$E, $E116) + SUMIFS('4월 삼척 개인별 STAT'!AH:AH, '4월 삼척 개인별 STAT'!$D:$D, $D116, '4월 삼척 개인별 STAT'!$E:$E, $E116) -> 6 | AI116: =IFERROR(IF(MOD(AH116/M116, 1)=0, TEXT(AH116/M116, "0"), TEXT(AH116/M116, "0.00")), "-") -> 0.75 | AL116: =iferror(N116/$M116,"-") -> 0 | AM116: =iferror(R116/$M116,"-") -> 0.375 | AN116: =iferror(N116/R116,"-") -> 0 | AO116: =iferror(T116/$M116,"-") -> 0.5 | AP116: =iferror(X116/$M116,"-") -> 0.125 | AQ116: =iferror(AB116/$M116,"-") -> 0.625 | AR116: =iferror(AC116/$M116,"-") -> 0.625 | AS116: =iferror(AF116/M116,"-") -> 0.375 | AT116: =AI116 -> 0.75
B117: 114 | C117: =if(D117=D116,C116+1,1) -> 2 | D117: 한봄고 | E117: 나은영 | F117: 1 | G117: Li | H117: - | I117: 165 | J117: 54 | K117: 3 | L117: =SUMIFS('3월 단양 개인별 STAT'!L:L, '3월 단양 개인별 STAT'!$D:$D, $D117, '3월 단양 개인별 STAT'!$E:$E, $E117) + SUMIFS('4월 삼척 개인별 STAT'!L:L, '4월 삼척 개인별 STAT'!$D:$D, $D117, '4월 삼척 개인별 STAT'!$E:$E, $E117) -> 2 | M117: =SUMIFS('3월 단양 개인별 STAT'!M:M, '3월 단양 개인별 STAT'!$D:$D, $D117, '3월 단양 개인별 STAT'!$E:$E, $E117) + SUMIFS('4월 삼척 개인별 STAT'!M:M, '4월 삼척 개인별 STAT'!$D:$D, $D117, '4월 삼척 개인별 STAT'!$E:$E, $E117) -> 3 | N117: =SUMIFS('3월 단양 개인별 STAT'!N:N, '3월 단양 개인별 STAT'!$D:$D, $D117, '3월 단양 개인별 STAT'!$E:$E, $E117) + SUMIFS('4월 삼척 개인별 STAT'!N:N, '4월 삼척 개인별 STAT'!$D:$D, $D117, '4월 삼척 개인별 STAT'!$E:$E, $E117) -> 0 | O117: =SUMIFS('3월 단양 개인별 STAT'!O:O, '3월 단양 개인별 STAT'!$D:$D, $D117, '3월 단양 개인별 STAT'!$E:$E, $E117) + SUMIFS('4월 삼척 개인별 STAT'!O:O, '4월 삼척 개인별 STAT'!$D:$D, $D117, '4월 삼척 개인별 STAT'!$E:$E, $E117) -> 1 | P117: =SUMIFS('3월 단양 개인별 STAT'!P:P, '3월 단양 개인별 STAT'!$D:$D, $D117, '3월 단양 개인별 STAT'!$E:$E, $E117) + SUMIFS('4월 삼척 개인별 STAT'!P:P, '4월 삼척 개인별 STAT'!$D:$D, $D117, '4월 삼척 개인별 STAT'!$E:$E, $E117) -> 0 | Q117: =SUMIFS('3월 단양 개인별 STAT'!Q:Q, '3월 단양 개인별 STAT'!$D:$D, $D117, '3월 단양 개인별 STAT'!$E:$E, $E117) + SUMIFS('4월 삼척 개인별 STAT'!Q:Q, '4월 삼척 개인별 STAT'!$D:$D, $D117, '4월 삼척 개인별 STAT'!$E:$E, $E117) -> 0 | R117: =if(Q117+P117+N117=0,"-",Q117+P117+N117) -> - | S117: =if(iferror((N117-Q117)/R117,0)=0,"-",round((N117-Q117)/R117,2)) -> - | T117: =SUMIFS('3월 단양 개인별 STAT'!T:T, '3월 단양 개인별 STAT'!$D:$D, $D117, '3월 단양 개인별 STAT'!$E:$E, $E117) + SUMIFS('4월 삼척 개인별 STAT'!T:T, '4월 삼척 개인별 STAT'!$D:$D, $D117, '4월 삼척 개인별 STAT'!$E:$E, $E117) -> 0 | U117: =SUMIFS('3월 단양 개인별 STAT'!U:U, '3월 단양 개인별 STAT'!$D:$D, $D117, '3월 단양 개인별 STAT'!$E:$E, $E117) + SUMIFS('4월 삼척 개인별 STAT'!U:U, '4월 삼척 개인별 STAT'!$D:$D, $D117, '4월 삼척 개인별 STAT'!$E:$E, $E117) -> 0 | V117: =SUMIFS('3월 단양 개인별 STAT'!V:V, '3월 단양 개인별 STAT'!$D:$D, $D117, '3월 단양 개인별 STAT'!$E:$E, $E117) + SUMIFS('4월 삼척 개인별 STAT'!V:V, '4월 삼척 개인별 STAT'!$D:$D, $D117, '4월 삼척 개인별 STAT'!$E:$E, $E117) -> 0 | W117: =SUMIFS('3월 단양 개인별 STAT'!W:W, '3월 단양 개인별 STAT'!$D:$D, $D117, '3월 단양 개인별 STAT'!$E:$E, $E117) + SUMIFS('4월 삼척 개인별 STAT'!W:W, '4월 삼척 개인별 STAT'!$D:$D, $D117, '4월 삼척 개인별 STAT'!$E:$E, $E117) -> 0 | X117: =SUMIFS('3월 단양 개인별 STAT'!X:X, '3월 단양 개인별 STAT'!$D:$D, $D117, '3월 단양 개인별 STAT'!$E:$E, $E117) + SUMIFS('4월 삼척 개인별 STAT'!X:X, '4월 삼척 개인별 STAT'!$D:$D, $D117, '4월 삼척 개인별 STAT'!$E:$E, $E117) -> 0 | Y117: =SUMIFS('3월 단양 개인별 STAT'!Y:Y, '3월 단양 개인별 STAT'!$D:$D, $D117, '3월 단양 개인별 STAT'!$E:$E, $E117) + SUMIFS('4월 삼척 개인별 STAT'!Y:Y, '4월 삼척 개인별 STAT'!$D:$D, $D117, '4월 삼척 개인별 STAT'!$E:$E, $E117) -> 0 | Z117: =IF(Y117+X117+W117=0,"-",Y117+X117+W117) -> - | AA117: =SUMIFS('3월 단양 개인별 STAT'!AA:AA, '3월 단양 개인별 STAT'!$D:$D, $D117, '3월 단양 개인별 STAT'!$E:$E, $E117) + SUMIFS('4월 삼척 개인별 STAT'!AA:AA, '4월 삼척 개인별 STAT'!$D:$D, $D117, '4월 삼척 개인별 STAT'!$E:$E, $E117) -> 0 | AB117: =if((T117+X117+N117)=0, "-",T117+X117+N117) -> - | AC117: =N117+T117+X117+(V117*0.75) -> 0 | AD117: =IF(AE117+AF117=0,"-",AE117+AF117) -> 8 | AE117: =SUMIFS('3월 단양 개인별 STAT'!AE:AE, '3월 단양 개인별 STAT'!$D:$D, $D117, '3월 단양 개인별 STAT'!$E:$E, $E117) + SUMIFS('4월 삼척 개인별 STAT'!AE:AE, '4월 삼척 개인별 STAT'!$D:$D, $D117, '4월 삼척 개인별 STAT'!$E:$E, $E117) -> 8 | AF117: =SUMIFS('3월 단양 개인별 STAT'!AF:AF, '3월 단양 개인별 STAT'!$D:$D, $D117, '3월 단양 개인별 STAT'!$E:$E, $E117) + SUMIFS('4월 삼척 개인별 STAT'!AF:AF, '4월 삼척 개인별 STAT'!$D:$D, $D117, '4월 삼척 개인별 STAT'!$E:$E, $E117) -> 0 | AG117: =iferror((AE117/AD117)*100,"-") -> 100 | AH117: =SUMIFS('3월 단양 개인별 STAT'!AH:AH, '3월 단양 개인별 STAT'!$D:$D, $D117, '3월 단양 개인별 STAT'!$E:$E, $E117) + SUMIFS('4월 삼척 개인별 STAT'!AH:AH, '4월 삼척 개인별 STAT'!$D:$D, $D117, '4월 삼척 개인별 STAT'!$E:$E, $E117) -> 5 | AI117: =IFERROR(IF(MOD(AH117/M117, 1)=0, TEXT(AH117/M117, "0"), TEXT(AH117/M117, "0.00")), "-") -> 1.67 | AL117: =iferror(N117/$M117,"-") -> 0 | AM117: =iferror(R117/$M117,"-") -> - | AN117: =iferror(N117/R117,"-") -> - | AO117: =iferror(T117/$M117,"-") -> 0 | AP117: =iferror(X117/$M117,"-") -> 0 | AQ117: =iferror(AB117/$M117,"-") -> - | AR117: =iferror(AC117/$M117,"-") -> 0 | AS117: =iferror(AF117/M117,"-") -> 0 | AT117: =AI117 -> 1.67
B118: 115 | C118: =if(D118=D117,C117+1,1) -> 3 | D118: 한봄고 | E118: 이봄 | F118: 2 | G118: MB | H118: OP | I118: 184 | J118: 65 | K118: 4 | L118: =SUMIFS('3월 단양 개인별 STAT'!L:L, '3월 단양 개인별 STAT'!$D:$D, $D118, '3월 단양 개인별 STAT'!$E:$E, $E118) + SUMIFS('4월 삼척 개인별 STAT'!L:L, '4월 삼척 개인별 STAT'!$D:$D, $D118, '4월 삼척 개인별 STAT'!$E:$E, $E118) -> 2 | M118: =SUMIFS('3월 단양 개인별 STAT'!M:M, '3월 단양 개인별 STAT'!$D:$D, $D118, '3월 단양 개인별 STAT'!$E:$E, $E118) + SUMIFS('4월 삼척 개인별 STAT'!M:M, '4월 삼척 개인별 STAT'!$D:$D, $D118, '4월 삼척 개인별 STAT'!$E:$E, $E118) -> 7 | N118: =SUMIFS('3월 단양 개인별 STAT'!N:N, '3월 단양 개인별 STAT'!$D:$D, $D118, '3월 단양 개인별 STAT'!$E:$E, $E118) + SUMIFS('4월 삼척 개인별 STAT'!N:N, '4월 삼척 개인별 STAT'!$D:$D, $D118, '4월 삼척 개인별 STAT'!$E:$E, $E118) -> 9 | O118: =SUMIFS('3월 단양 개인별 STAT'!O:O, '3월 단양 개인별 STAT'!$D:$D, $D118, '3월 단양 개인별 STAT'!$E:$E, $E118) + SUMIFS('4월 삼척 개인별 STAT'!O:O, '4월 삼척 개인별 STAT'!$D:$D, $D118, '4월 삼척 개인별 STAT'!$E:$E, $E118) -> 1 | P118: =SUMIFS('3월 단양 개인별 STAT'!P:P, '3월 단양 개인별 STAT'!$D:$D, $D118, '3월 단양 개인별 STAT'!$E:$E, $E118) + SUMIFS('4월 삼척 개인별 STAT'!P:P, '4월 삼척 개인별 STAT'!$D:$D, $D118, '4월 삼척 개인별 STAT'!$E:$E, $E118) -> 8 | Q118: =SUMIFS('3월 단양 개인별 STAT'!Q:Q, '3월 단양 개인별 STAT'!$D:$D, $D118, '3월 단양 개인별 STAT'!$E:$E, $E118) + SUMIFS('4월 삼척 개인별 STAT'!Q:Q, '4월 삼척 개인별 STAT'!$D:$D, $D118, '4월 삼척 개인별 STAT'!$E:$E, $E118) -> 4 | R118: =if(Q118+P118+N118=0,"-",Q118+P118+N118) -> 21 | S118: =if(iferror((N118-Q118)/R118,0)=0,"-",round((N118-Q118)/R118,2)) -> 0.24 | T118: =SUMIFS('3월 단양 개인별 STAT'!T:T, '3월 단양 개인별 STAT'!$D:$D, $D118, '3월 단양 개인별 STAT'!$E:$E, $E118) + SUMIFS('4월 삼척 개인별 STAT'!T:T, '4월 삼척 개인별 STAT'!$D:$D, $D118, '4월 삼척 개인별 STAT'!$E:$E, $E118) -> 2 | U118: =SUMIFS('3월 단양 개인별 STAT'!U:U, '3월 단양 개인별 STAT'!$D:$D, $D118, '3월 단양 개인별 STAT'!$E:$E, $E118) + SUMIFS('4월 삼척 개인별 STAT'!U:U, '4월 삼척 개인별 STAT'!$D:$D, $D118, '4월 삼척 개인별 STAT'!$E:$E, $E118) -> 0 | V118: =SUMIFS('3월 단양 개인별 STAT'!V:V, '3월 단양 개인별 STAT'!$D:$D, $D118, '3월 단양 개인별 STAT'!$E:$E, $E118) + SUMIFS('4월 삼척 개인별 STAT'!V:V, '4월 삼척 개인별 STAT'!$D:$D, $D118, '4월 삼척 개인별 STAT'!$E:$E, $E118) -> 2 | W118: =SUMIFS('3월 단양 개인별 STAT'!W:W, '3월 단양 개인별 STAT'!$D:$D, $D118, '3월 단양 개인별 STAT'!$E:$E, $E118) + SUMIFS('4월 삼척 개인별 STAT'!W:W, '4월 삼척 개인별 STAT'!$D:$D, $D118, '4월 삼척 개인별 STAT'!$E:$E, $E118) -> 7 | X118: =SUMIFS('3월 단양 개인별 STAT'!X:X, '3월 단양 개인별 STAT'!$D:$D, $D118, '3월 단양 개인별 STAT'!$E:$E, $E118) + SUMIFS('4월 삼척 개인별 STAT'!X:X, '4월 삼척 개인별 STAT'!$D:$D, $D118, '4월 삼척 개인별 STAT'!$E:$E, $E118) -> 0 | Y118: =SUMIFS('3월 단양 개인별 STAT'!Y:Y, '3월 단양 개인별 STAT'!$D:$D, $D118, '3월 단양 개인별 STAT'!$E:$E, $E118) + SUMIFS('4월 삼척 개인별 STAT'!Y:Y, '4월 삼척 개인별 STAT'!$D:$D, $D118, '4월 삼척 개인별 STAT'!$E:$E, $E118) -> 2 | Z118: =IF(Y118+X118+W118=0,"-",Y118+X118+W118) -> 9 | AA118: =SUMIFS('3월 단양 개인별 STAT'!AA:AA, '3월 단양 개인별 STAT'!$D:$D, $D118, '3월 단양 개인별 STAT'!$E:$E, $E118) + SUMIFS('4월 삼척 개인별 STAT'!AA:AA, '4월 삼척 개인별 STAT'!$D:$D, $D118, '4월 삼척 개인별 STAT'!$E:$E, $E118) -> 0 | AB118: =if((T118+X118+N118)=0, "-",T118+X118+N118) -> 11 | AC118: =N118+T118+X118+(V118*0.75) -> 12.5 | AD118: =IF(AE118+AF118=0,"-",AE118+AF118) -> - | AE118: =SUMIFS('3월 단양 개인별 STAT'!AE:AE, '3월 단양 개인별 STAT'!$D:$D, $D118, '3월 단양 개인별 STAT'!$E:$E, $E118) + SUMIFS('4월 삼척 개인별 STAT'!AE:AE, '4월 삼척 개인별 STAT'!$D:$D, $D118, '4월 삼척 개인별 STAT'!$E:$E, $E118) -> 0 | AF118: =SUMIFS('3월 단양 개인별 STAT'!AF:AF, '3월 단양 개인별 STAT'!$D:$D, $D118, '3월 단양 개인별 STAT'!$E:$E, $E118) + SUMIFS('4월 삼척 개인별 STAT'!AF:AF, '4월 삼척 개인별 STAT'!$D:$D, $D118, '4월 삼척 개인별 STAT'!$E:$E, $E118) -> 0 | AG118: =iferror((AE118/AD118)*100,"-") -> - | AH118: =SUMIFS('3월 단양 개인별 STAT'!AH:AH, '3월 단양 개인별 STAT'!$D:$D, $D118, '3월 단양 개인별 STAT'!$E:$E, $E118) + SUMIFS('4월 삼척 개인별 STAT'!AH:AH, '4월 삼척 개인별 STAT'!$D:$D, $D118, '4월 삼척 개인별 STAT'!$E:$E, $E118) -> 0 | AI118: =IFERROR(IF(MOD(AH118/M118, 1)=0, TEXT(AH118/M118, "0"), TEXT(AH118/M118, "0.00")), "-") -> 0 | AL118: =iferror(N118/$M118,"-") -> 1.2857143 | AM118: =iferror(R118/$M118,"-") -> 3 | AN118: =iferror(N118/R118,"-") -> 0.42857143 | AO118: =iferror(T118/$M118,"-") -> 0.28571429 | AP118: =iferror(X118/$M118,"-") -> 0 | AQ118: =iferror(AB118/$M118,"-") -> 1.5714286 | AR118: =iferror(AC118/$M118,"-") -> 1.7857143 | AS118: =iferror(AF118/M118,"-") -> 0 | AT118: =AI118 -> 0
B119: 116 | C119: =if(D119=D118,C118+1,1) -> 4 | D119: 한봄고 | E119: 최혜원 | F119: 3 | G119: OP | H119: Li | I119: 172 | J119: 69 | K119: 5 | L119: =SUMIFS('3월 단양 개인별 STAT'!L:L, '3월 단양 개인별 STAT'!$D:$D, $D119, '3월 단양 개인별 STAT'!$E:$E, $E119) + SUMIFS('4월 삼척 개인별 STAT'!L:L, '4월 삼척 개인별 STAT'!$D:$D, $D119, '4월 삼척 개인별 STAT'!$E:$E, $E119) -> 2 | M119: =SUMIFS('3월 단양 개인별 STAT'!M:M, '3월 단양 개인별 STAT'!$D:$D, $D119, '3월 단양 개인별 STAT'!$E:$E, $E119) + SUMIFS('4월 삼척 개인별 STAT'!M:M, '4월 삼척 개인별 STAT'!$D:$D, $D119, '4월 삼척 개인별 STAT'!$E:$E, $E119) -> 8 | N119: =SUMIFS('3월 단양 개인별 STAT'!N:N, '3월 단양 개인별 STAT'!$D:$D, $D119, '3월 단양 개인별 STAT'!$E:$E, $E119) + SUMIFS('4월 삼척 개인별 STAT'!N:N, '4월 삼척 개인별 STAT'!$D:$D, $D119, '4월 삼척 개인별 STAT'!$E:$E, $E119) -> 0 | O119: =SUMIFS('3월 단양 개인별 STAT'!O:O, '3월 단양 개인별 STAT'!$D:$D, $D119, '3월 단양 개인별 STAT'!$E:$E, $E119) + SUMIFS('4월 삼척 개인별 STAT'!O:O, '4월 삼척 개인별 STAT'!$D:$D, $D119, '4월 삼척 개인별 STAT'!$E:$E, $E119) -> 1 | P119: =SUMIFS('3월 단양 개인별 STAT'!P:P, '3월 단양 개인별 STAT'!$D:$D, $D119, '3월 단양 개인별 STAT'!$E:$E, $E119) + SUMIFS('4월 삼척 개인별 STAT'!P:P, '4월 삼척 개인별 STAT'!$D:$D, $D119, '4월 삼척 개인별 STAT'!$E:$E, $E119) -> 0 | Q119: =SUMIFS('3월 단양 개인별 STAT'!Q:Q, '3월 단양 개인별 STAT'!$D:$D, $D119, '3월 단양 개인별 STAT'!$E:$E, $E119) + SUMIFS('4월 삼척 개인별 STAT'!Q:Q, '4월 삼척 개인별 STAT'!$D:$D, $D119, '4월 삼척 개인별 STAT'!$E:$E, $E119) -> 0 | R119: =if(Q119+P119+N119=0,"-",Q119+P119+N119) -> - | S119: =if(iferror((N119-Q119)/R119,0)=0,"-",round((N119-Q119)/R119,2)) -> - | T119: =SUMIFS('3월 단양 개인별 STAT'!T:T, '3월 단양 개인별 STAT'!$D:$D, $D119, '3월 단양 개인별 STAT'!$E:$E, $E119) + SUMIFS('4월 삼척 개인별 STAT'!T:T, '4월 삼척 개인별 STAT'!$D:$D, $D119, '4월 삼척 개인별 STAT'!$E:$E, $E119) -> 1 | U119: =SUMIFS('3월 단양 개인별 STAT'!U:U, '3월 단양 개인별 STAT'!$D:$D, $D119, '3월 단양 개인별 STAT'!$E:$E, $E119) + SUMIFS('4월 삼척 개인별 STAT'!U:U, '4월 삼척 개인별 STAT'!$D:$D, $D119, '4월 삼척 개인별 STAT'!$E:$E, $E119) -> 0 | V119: =SUMIFS('3월 단양 개인별 STAT'!V:V, '3월 단양 개인별 STAT'!$D:$D, $D119, '3월 단양 개인별 STAT'!$E:$E, $E119) + SUMIFS('4월 삼척 개인별 STAT'!V:V, '4월 삼척 개인별 STAT'!$D:$D, $D119, '4월 삼척 개인별 STAT'!$E:$E, $E119) -> 0 | W119: =SUMIFS('3월 단양 개인별 STAT'!W:W, '3월 단양 개인별 STAT'!$D:$D, $D119, '3월 단양 개인별 STAT'!$E:$E, $E119) + SUMIFS('4월 삼척 개인별 STAT'!W:W, '4월 삼척 개인별 STAT'!$D:$D, $D119, '4월 삼척 개인별 STAT'!$E:$E, $E119) -> 0 | X119: =SUMIFS('3월 단양 개인별 STAT'!X:X, '3월 단양 개인별 STAT'!$D:$D, $D119, '3월 단양 개인별 STAT'!$E:$E, $E119) + SUMIFS('4월 삼척 개인별 STAT'!X:X, '4월 삼척 개인별 STAT'!$D:$D, $D119, '4월 삼척 개인별 STAT'!$E:$E, $E119) -> 0 | Y119: =SUMIFS('3월 단양 개인별 STAT'!Y:Y, '3월 단양 개인별 STAT'!$D:$D, $D119, '3월 단양 개인별 STAT'!$E:$E, $E119) + SUMIFS('4월 삼척 개인별 STAT'!Y:Y, '4월 삼척 개인별 STAT'!$D:$D, $D119, '4월 삼척 개인별 STAT'!$E:$E, $E119) -> 0 | Z119: =IF(Y119+X119+W119=0,"-",Y119+X119+W119) -> - | AA119: =SUMIFS('3월 단양 개인별 STAT'!AA:AA, '3월 단양 개인별 STAT'!$D:$D, $D119, '3월 단양 개인별 STAT'!$E:$E, $E119) + SUMIFS('4월 삼척 개인별 STAT'!AA:AA, '4월 삼척 개인별 STAT'!$D:$D, $D119, '4월 삼척 개인별 STAT'!$E:$E, $E119) -> 3 | AB119: =if((T119+X119+N119)=0, "-",T119+X119+N119) -> 1 | AC119: =N119+T119+X119+(V119*0.75) -> 1 | AD119: =IF(AE119+AF119=0,"-",AE119+AF119) -> 35 | AE119: =SUMIFS('3월 단양 개인별 STAT'!AE:AE, '3월 단양 개인별 STAT'!$D:$D, $D119, '3월 단양 개인별 STAT'!$E:$E, $E119) + SUMIFS('4월 삼척 개인별 STAT'!AE:AE, '4월 삼척 개인별 STAT'!$D:$D, $D119, '4월 삼척 개인별 STAT'!$E:$E, $E119) -> 31 | AF119: =SUMIFS('3월 단양 개인별 STAT'!AF:AF, '3월 단양 개인별 STAT'!$D:$D, $D119, '3월 단양 개인별 STAT'!$E:$E, $E119) + SUMIFS('4월 삼척 개인별 STAT'!AF:AF, '4월 삼척 개인별 STAT'!$D:$D, $D119, '4월 삼척 개인별 STAT'!$E:$E, $E119) -> 4 | AG119: =iferror((AE119/AD119)*100,"-") -> 88.571429 | AH119: =SUMIFS('3월 단양 개인별 STAT'!AH:AH, '3월 단양 개인별 STAT'!$D:$D, $D119, '3월 단양 개인별 STAT'!$E:$E, $E119) + SUMIFS('4월 삼척 개인별 STAT'!AH:AH, '4월 삼척 개인별 STAT'!$D:$D, $D119, '4월 삼척 개인별 STAT'!$E:$E, $E119) -> 7 | AI119: =IFERROR(IF(MOD(AH119/M119, 1)=0, TEXT(AH119/M119, "0"), TEXT(AH119/M119, "0.00")), "-") -> 0.88 | AL119: =iferror(N119/$M119,"-") -> 0 | AM119: =iferror(R119/$M119,"-") -> - | AN119: =iferror(N119/R119,"-") -> - | AO119: =iferror(T119/$M119,"-") -> 0.125 | AP119: =iferror(X119/$M119,"-") -> 0 | AQ119: =iferror(AB119/$M119,"-") -> 0.125 | AR119: =iferror(AC119/$M119,"-") -> 0.125 | AS119: =iferror(AF119/M119,"-") -> 0.5 | AT119: =AI119 -> 0.88
B120: 117 | C120: =if(D120=D119,C119+1,1) -> 5 | D120: 한봄고 | E120: 정윤지 | F120: 2 | G120: Li | H120: OH | I120: 168 | J120: 57 | K120: 6 | L120: =SUMIFS('3월 단양 개인별 STAT'!L:L, '3월 단양 개인별 STAT'!$D:$D, $D120, '3월 단양 개인별 STAT'!$E:$E, $E120) + SUMIFS('4월 삼척 개인별 STAT'!L:L, '4월 삼척 개인별 STAT'!$D:$D, $D120, '4월 삼척 개인별 STAT'!$E:$E, $E120) -> 0 | M120: =SUMIFS('3월 단양 개인별 STAT'!M:M, '3월 단양 개인별 STAT'!$D:$D, $D120, '3월 단양 개인별 STAT'!$E:$E, $E120) + SUMIFS('4월 삼척 개인별 STAT'!M:M, '4월 삼척 개인별 STAT'!$D:$D, $D120, '4월 삼척 개인별 STAT'!$E:$E, $E120) -> 0 | N120: =SUMIFS('3월 단양 개인별 STAT'!N:N, '3월 단양 개인별 STAT'!$D:$D, $D120, '3월 단양 개인별 STAT'!$E:$E, $E120) + SUMIFS('4월 삼척 개인별 STAT'!N:N, '4월 삼척 개인별 STAT'!$D:$D, $D120, '4월 삼척 개인별 STAT'!$E:$E, $E120) -> 0 | O120: =SUMIFS('3월 단양 개인별 STAT'!O:O, '3월 단양 개인별 STAT'!$D:$D, $D120, '3월 단양 개인별 STAT'!$E:$E, $E120) + SUMIFS('4월 삼척 개인별 STAT'!O:O, '4월 삼척 개인별 STAT'!$D:$D, $D120, '4월 삼척 개인별 STAT'!$E:$E, $E120) -> 0 | P120: =SUMIFS('3월 단양 개인별 STAT'!P:P, '3월 단양 개인별 STAT'!$D:$D, $D120, '3월 단양 개인별 STAT'!$E:$E, $E120) + SUMIFS('4월 삼척 개인별 STAT'!P:P, '4월 삼척 개인별 STAT'!$D:$D, $D120, '4월 삼척 개인별 STAT'!$E:$E, $E120) -> 0 | Q120: =SUMIFS('3월 단양 개인별 STAT'!Q:Q, '3월 단양 개인별 STAT'!$D:$D, $D120, '3월 단양 개인별 STAT'!$E:$E, $E120) + SUMIFS('4월 삼척 개인별 STAT'!Q:Q, '4월 삼척 개인별 STAT'!$D:$D, $D120, '4월 삼척 개인별 STAT'!$E:$E, $E120) -> 0 | R120: =if(Q120+P120+N120=0,"-",Q120+P120+N120) -> - | S120: =if(iferror((N120-Q120)/R120,0)=0,"-",round((N120-Q120)/R120,2)) -> - | T120: =SUMIFS('3월 단양 개인별 STAT'!T:T, '3월 단양 개인별 STAT'!$D:$D, $D120, '3월 단양 개인별 STAT'!$E:$E, $E120) + SUMIFS('4월 삼척 개인별 STAT'!T:T, '4월 삼척 개인별 STAT'!$D:$D, $D120, '4월 삼척 개인별 STAT'!$E:$E, $E120) -> 0 | U120: =SUMIFS('3월 단양 개인별 STAT'!U:U, '3월 단양 개인별 STAT'!$D:$D, $D120, '3월 단양 개인별 STAT'!$E:$E, $E120) + SUMIFS('4월 삼척 개인별 STAT'!U:U, '4월 삼척 개인별 STAT'!$D:$D, $D120, '4월 삼척 개인별 STAT'!$E:$E, $E120) -> 0 | V120: =SUMIFS('3월 단양 개인별 STAT'!V:V, '3월 단양 개인별 STAT'!$D:$D, $D120, '3월 단양 개인별 STAT'!$E:$E, $E120) + SUMIFS('4월 삼척 개인별 STAT'!V:V, '4월 삼척 개인별 STAT'!$D:$D, $D120, '4월 삼척 개인별 STAT'!$E:$E, $E120) -> 0 | W120: =SUMIFS('3월 단양 개인별 STAT'!W:W, '3월 단양 개인별 STAT'!$D:$D, $D120, '3월 단양 개인별 STAT'!$E:$E, $E120) + SUMIFS('4월 삼척 개인별 STAT'!W:W, '4월 삼척 개인별 STAT'!$D:$D, $D120, '4월 삼척 개인별 STAT'!$E:$E, $E120) -> 0 | X120: =SUMIFS('3월 단양 개인별 STAT'!X:X, '3월 단양 개인별 STAT'!$D:$D, $D120, '3월 단양 개인별 STAT'!$E:$E, $E120) + SUMIFS('4월 삼척 개인별 STAT'!X:X, '4월 삼척 개인별 STAT'!$D:$D, $D120, '4월 삼척 개인별 STAT'!$E:$E, $E120) -> 0 | Y120: =SUMIFS('3월 단양 개인별 STAT'!Y:Y, '3월 단양 개인별 STAT'!$D:$D, $D120, '3월 단양 개인별 STAT'!$E:$E, $E120) + SUMIFS('4월 삼척 개인별 STAT'!Y:Y, '4월 삼척 개인별 STAT'!$D:$D, $D120, '4월 삼척 개인별 STAT'!$E:$E, $E120) -> 0 | Z120: =IF(Y120+X120+W120=0,"-",Y120+X120+W120) -> - | AA120: =SUMIFS('3월 단양 개인별 STAT'!AA:AA, '3월 단양 개인별 STAT'!$D:$D, $D120, '3월 단양 개인별 STAT'!$E:$E, $E120) + SUMIFS('4월 삼척 개인별 STAT'!AA:AA, '4월 삼척 개인별 STAT'!$D:$D, $D120, '4월 삼척 개인별 STAT'!$E:$E, $E120) -> 0 | AB120: =if((T120+X120+N120)=0, "-",T120+X120+N120) -> - | AC120: =N120+T120+X120+(V120*0.75) -> 0 | AD120: =IF(AE120+AF120=0,"-",AE120+AF120) -> - | AE120: =SUMIFS('3월 단양 개인별 STAT'!AE:AE, '3월 단양 개인별 STAT'!$D:$D, $D120, '3월 단양 개인별 STAT'!$E:$E, $E120) + SUMIFS('4월 삼척 개인별 STAT'!AE:AE, '4월 삼척 개인별 STAT'!$D:$D, $D120, '4월 삼척 개인별 STAT'!$E:$E, $E120) -> 0 | AF120: =SUMIFS('3월 단양 개인별 STAT'!AF:AF, '3월 단양 개인별 STAT'!$D:$D, $D120, '3월 단양 개인별 STAT'!$E:$E, $E120) + SUMIFS('4월 삼척 개인별 STAT'!AF:AF, '4월 삼척 개인별 STAT'!$D:$D, $D120, '4월 삼척 개인별 STAT'!$E:$E, $E120) -> 0 | AG120: =iferror((AE120/AD120)*100,"-") -> - | AH120: =SUMIFS('3월 단양 개인별 STAT'!AH:AH, '3월 단양 개인별 STAT'!$D:$D, $D120, '3월 단양 개인별 STAT'!$E:$E, $E120) + SUMIFS('4월 삼척 개인별 STAT'!AH:AH, '4월 삼척 개인별 STAT'!$D:$D, $D120, '4월 삼척 개인별 STAT'!$E:$E, $E120) -> 0 | AI120: =IFERROR(IF(MOD(AH120/M120, 1)=0, TEXT(AH120/M120, "0"), TEXT(AH120/M120, "0.00")), "-") -> - | AL120: =iferror(N120/$M120,"-") -> - | AM120: =iferror(R120/$M120,"-") -> - | AN120: =iferror(N120/R120,"-") -> - | AO120: =iferror(T120/$M120,"-") -> - | AP120: =iferror(X120/$M120,"-") -> - | AQ120: =iferror(AB120/$M120,"-") -> - | AR120: =iferror(AC120/$M120,"-") -> - | AS120: =iferror(AF120/M120,"-") -> - | AT120: =AI120 -> -
B121: 118 | C121: =if(D121=D120,C120+1,1) -> 6 | D121: 한봄고 | E121: 강민주 | F121: 3 | G121: OH | H121: OP | I121: 175 | J121: 66 | K121: 7 | L121: =SUMIFS('3월 단양 개인별 STAT'!L:L, '3월 단양 개인별 STAT'!$D:$D, $D121, '3월 단양 개인별 STAT'!$E:$E, $E121) + SUMIFS('4월 삼척 개인별 STAT'!L:L, '4월 삼척 개인별 STAT'!$D:$D, $D121, '4월 삼척 개인별 STAT'!$E:$E, $E121) -> 2 | M121: =SUMIFS('3월 단양 개인별 STAT'!M:M, '3월 단양 개인별 STAT'!$D:$D, $D121, '3월 단양 개인별 STAT'!$E:$E, $E121) + SUMIFS('4월 삼척 개인별 STAT'!M:M, '4월 삼척 개인별 STAT'!$D:$D, $D121, '4월 삼척 개인별 STAT'!$E:$E, $E121) -> 7 | N121: =SUMIFS('3월 단양 개인별 STAT'!N:N, '3월 단양 개인별 STAT'!$D:$D, $D121, '3월 단양 개인별 STAT'!$E:$E, $E121) + SUMIFS('4월 삼척 개인별 STAT'!N:N, '4월 삼척 개인별 STAT'!$D:$D, $D121, '4월 삼척 개인별 STAT'!$E:$E, $E121) -> 3 | O121: =SUMIFS('3월 단양 개인별 STAT'!O:O, '3월 단양 개인별 STAT'!$D:$D, $D121, '3월 단양 개인별 STAT'!$E:$E, $E121) + SUMIFS('4월 삼척 개인별 STAT'!O:O, '4월 삼척 개인별 STAT'!$D:$D, $D121, '4월 삼척 개인별 STAT'!$E:$E, $E121) -> 2 | P121: =SUMIFS('3월 단양 개인별 STAT'!P:P, '3월 단양 개인별 STAT'!$D:$D, $D121, '3월 단양 개인별 STAT'!$E:$E, $E121) + SUMIFS('4월 삼척 개인별 STAT'!P:P, '4월 삼척 개인별 STAT'!$D:$D, $D121, '4월 삼척 개인별 STAT'!$E:$E, $E121) -> 1 | Q121: =SUMIFS('3월 단양 개인별 STAT'!Q:Q, '3월 단양 개인별 STAT'!$D:$D, $D121, '3월 단양 개인별 STAT'!$E:$E, $E121) + SUMIFS('4월 삼척 개인별 STAT'!Q:Q, '4월 삼척 개인별 STAT'!$D:$D, $D121, '4월 삼척 개인별 STAT'!$E:$E, $E121) -> 0 | R121: =if(Q121+P121+N121=0,"-",Q121+P121+N121) -> 4 | S121: =if(iferror((N121-Q121)/R121,0)=0,"-",round((N121-Q121)/R121,2)) -> 0.75 | T121: =SUMIFS('3월 단양 개인별 STAT'!T:T, '3월 단양 개인별 STAT'!$D:$D, $D121, '3월 단양 개인별 STAT'!$E:$E, $E121) + SUMIFS('4월 삼척 개인별 STAT'!T:T, '4월 삼척 개인별 STAT'!$D:$D, $D121, '4월 삼척 개인별 STAT'!$E:$E, $E121) -> 0 | U121: =SUMIFS('3월 단양 개인별 STAT'!U:U, '3월 단양 개인별 STAT'!$D:$D, $D121, '3월 단양 개인별 STAT'!$E:$E, $E121) + SUMIFS('4월 삼척 개인별 STAT'!U:U, '4월 삼척 개인별 STAT'!$D:$D, $D121, '4월 삼척 개인별 STAT'!$E:$E, $E121) -> 0 | V121: =SUMIFS('3월 단양 개인별 STAT'!V:V, '3월 단양 개인별 STAT'!$D:$D, $D121, '3월 단양 개인별 STAT'!$E:$E, $E121) + SUMIFS('4월 삼척 개인별 STAT'!V:V, '4월 삼척 개인별 STAT'!$D:$D, $D121, '4월 삼척 개인별 STAT'!$E:$E, $E121) -> 0 | W121: =SUMIFS('3월 단양 개인별 STAT'!W:W, '3월 단양 개인별 STAT'!$D:$D, $D121, '3월 단양 개인별 STAT'!$E:$E, $E121) + SUMIFS('4월 삼척 개인별 STAT'!W:W, '4월 삼척 개인별 STAT'!$D:$D, $D121, '4월 삼척 개인별 STAT'!$E:$E, $E121) -> 11 | X121: =SUMIFS('3월 단양 개인별 STAT'!X:X, '3월 단양 개인별 STAT'!$D:$D, $D121, '3월 단양 개인별 STAT'!$E:$E, $E121) + SUMIFS('4월 삼척 개인별 STAT'!X:X, '4월 삼척 개인별 STAT'!$D:$D, $D121, '4월 삼척 개인별 STAT'!$E:$E, $E121) -> 1 | Y121: =SUMIFS('3월 단양 개인별 STAT'!Y:Y, '3월 단양 개인별 STAT'!$D:$D, $D121, '3월 단양 개인별 STAT'!$E:$E, $E121) + SUMIFS('4월 삼척 개인별 STAT'!Y:Y, '4월 삼척 개인별 STAT'!$D:$D, $D121, '4월 삼척 개인별 STAT'!$E:$E, $E121) -> 1 | Z121: =IF(Y121+X121+W121=0,"-",Y121+X121+W121) -> 13 | AA121: =SUMIFS('3월 단양 개인별 STAT'!AA:AA, '3월 단양 개인별 STAT'!$D:$D, $D121, '3월 단양 개인별 STAT'!$E:$E, $E121) + SUMIFS('4월 삼척 개인별 STAT'!AA:AA, '4월 삼척 개인별 STAT'!$D:$D, $D121, '4월 삼척 개인별 STAT'!$E:$E, $E121) -> 0 | AB121: =if((T121+X121+N121)=0, "-",T121+X121+N121) -> 4 | AC121: =N121+T121+X121+(V121*0.75) -> 4 | AD121: =IF(AE121+AF121=0,"-",AE121+AF121) -> 18 | AE121: =SUMIFS('3월 단양 개인별 STAT'!AE:AE, '3월 단양 개인별 STAT'!$D:$D, $D121, '3월 단양 개인별 STAT'!$E:$E, $E121) + SUMIFS('4월 삼척 개인별 STAT'!AE:AE, '4월 삼척 개인별 STAT'!$D:$D, $D121, '4월 삼척 개인별 STAT'!$E:$E, $E121) -> 15 | AF121: =SUMIFS('3월 단양 개인별 STAT'!AF:AF, '3월 단양 개인별 STAT'!$D:$D, $D121, '3월 단양 개인별 STAT'!$E:$E, $E121) + SUMIFS('4월 삼척 개인별 STAT'!AF:AF, '4월 삼척 개인별 STAT'!$D:$D, $D121, '4월 삼척 개인별 STAT'!$E:$E, $E121) -> 3 | AG121: =iferror((AE121/AD121)*100,"-") -> 83.333333 | AH121: =SUMIFS('3월 단양 개인별 STAT'!AH:AH, '3월 단양 개인별 STAT'!$D:$D, $D121, '3월 단양 개인별 STAT'!$E:$E, $E121) + SUMIFS('4월 삼척 개인별 STAT'!AH:AH, '4월 삼척 개인별 STAT'!$D:$D, $D121, '4월 삼척 개인별 STAT'!$E:$E, $E121) -> 4 | AI121: =IFERROR(IF(MOD(AH121/M121, 1)=0, TEXT(AH121/M121, "0"), TEXT(AH121/M121, "0.00")), "-") -> 0.57 | AL121: =iferror(N121/$M121,"-") -> 0.42857143 | AM121: =iferror(R121/$M121,"-") -> 0.57142857 | AN121: =iferror(N121/R121,"-") -> 0.75 | AO121: =iferror(T121/$M121,"-") -> 0 | AP121: =iferror(X121/$M121,"-") -> 0.14285714 | AQ121: =iferror(AB121/$M121,"-") -> 0.57142857 | AR121: =iferror(AC121/$M121,"-") -> 0.57142857 | AS121: =iferror(AF121/M121,"-") -> 0.42857143 | AT121: =AI121 -> 0.57
B122: 119 | C122: =if(D122=D121,C121+1,1) -> 7 | D122: 한봄고 | E122: 신은안 | F122: 2 | G122: MB | H122: OH | I122: 184 | J122: 70 | K122: 8 | L122: =SUMIFS('3월 단양 개인별 STAT'!L:L, '3월 단양 개인별 STAT'!$D:$D, $D122, '3월 단양 개인별 STAT'!$E:$E, $E122) + SUMIFS('4월 삼척 개인별 STAT'!L:L, '4월 삼척 개인별 STAT'!$D:$D, $D122, '4월 삼척 개인별 STAT'!$E:$E, $E122) -> 2 | M122: =SUMIFS('3월 단양 개인별 STAT'!M:M, '3월 단양 개인별 STAT'!$D:$D, $D122, '3월 단양 개인별 STAT'!$E:$E, $E122) + SUMIFS('4월 삼척 개인별 STAT'!M:M, '4월 삼척 개인별 STAT'!$D:$D, $D122, '4월 삼척 개인별 STAT'!$E:$E, $E122) -> 8 | N122: =SUMIFS('3월 단양 개인별 STAT'!N:N, '3월 단양 개인별 STAT'!$D:$D, $D122, '3월 단양 개인별 STAT'!$E:$E, $E122) + SUMIFS('4월 삼척 개인별 STAT'!N:N, '4월 삼척 개인별 STAT'!$D:$D, $D122, '4월 삼척 개인별 STAT'!$E:$E, $E122) -> 37 | O122: =SUMIFS('3월 단양 개인별 STAT'!O:O, '3월 단양 개인별 STAT'!$D:$D, $D122, '3월 단양 개인별 STAT'!$E:$E, $E122) + SUMIFS('4월 삼척 개인별 STAT'!O:O, '4월 삼척 개인별 STAT'!$D:$D, $D122, '4월 삼척 개인별 STAT'!$E:$E, $E122) -> 0 | P122: =SUMIFS('3월 단양 개인별 STAT'!P:P, '3월 단양 개인별 STAT'!$D:$D, $D122, '3월 단양 개인별 STAT'!$E:$E, $E122) + SUMIFS('4월 삼척 개인별 STAT'!P:P, '4월 삼척 개인별 STAT'!$D:$D, $D122, '4월 삼척 개인별 STAT'!$E:$E, $E122) -> 39 | Q122: =SUMIFS('3월 단양 개인별 STAT'!Q:Q, '3월 단양 개인별 STAT'!$D:$D, $D122, '3월 단양 개인별 STAT'!$E:$E, $E122) + SUMIFS('4월 삼척 개인별 STAT'!Q:Q, '4월 삼척 개인별 STAT'!$D:$D, $D122, '4월 삼척 개인별 STAT'!$E:$E, $E122) -> 11 | R122: =if(Q122+P122+N122=0,"-",Q122+P122+N122) -> 87 | S122: =if(iferror((N122-Q122)/R122,0)=0,"-",round((N122-Q122)/R122,2)) -> 0.3 | T122: =SUMIFS('3월 단양 개인별 STAT'!T:T, '3월 단양 개인별 STAT'!$D:$D, $D122, '3월 단양 개인별 STAT'!$E:$E, $E122) + SUMIFS('4월 삼척 개인별 STAT'!T:T, '4월 삼척 개인별 STAT'!$D:$D, $D122, '4월 삼척 개인별 STAT'!$E:$E, $E122) -> 3 | U122: =SUMIFS('3월 단양 개인별 STAT'!U:U, '3월 단양 개인별 STAT'!$D:$D, $D122, '3월 단양 개인별 STAT'!$E:$E, $E122) + SUMIFS('4월 삼척 개인별 STAT'!U:U, '4월 삼척 개인별 STAT'!$D:$D, $D122, '4월 삼척 개인별 STAT'!$E:$E, $E122) -> 0 | V122: =SUMIFS('3월 단양 개인별 STAT'!V:V, '3월 단양 개인별 STAT'!$D:$D, $D122, '3월 단양 개인별 STAT'!$E:$E, $E122) + SUMIFS('4월 삼척 개인별 STAT'!V:V, '4월 삼척 개인별 STAT'!$D:$D, $D122, '4월 삼척 개인별 STAT'!$E:$E, $E122) -> 1 | W122: =SUMIFS('3월 단양 개인별 STAT'!W:W, '3월 단양 개인별 STAT'!$D:$D, $D122, '3월 단양 개인별 STAT'!$E:$E, $E122) + SUMIFS('4월 삼척 개인별 STAT'!W:W, '4월 삼척 개인별 STAT'!$D:$D, $D122, '4월 삼척 개인별 STAT'!$E:$E, $E122) -> 18 | X122: =SUMIFS('3월 단양 개인별 STAT'!X:X, '3월 단양 개인별 STAT'!$D:$D, $D122, '3월 단양 개인별 STAT'!$E:$E, $E122) + SUMIFS('4월 삼척 개인별 STAT'!X:X, '4월 삼척 개인별 STAT'!$D:$D, $D122, '4월 삼척 개인별 STAT'!$E:$E, $E122) -> 5 | Y122: =SUMIFS('3월 단양 개인별 STAT'!Y:Y, '3월 단양 개인별 STAT'!$D:$D, $D122, '3월 단양 개인별 STAT'!$E:$E, $E122) + SUMIFS('4월 삼척 개인별 STAT'!Y:Y, '4월 삼척 개인별 STAT'!$D:$D, $D122, '4월 삼척 개인별 STAT'!$E:$E, $E122) -> 4 | Z122: =IF(Y122+X122+W122=0,"-",Y122+X122+W122) -> 27 | AA122: =SUMIFS('3월 단양 개인별 STAT'!AA:AA, '3월 단양 개인별 STAT'!$D:$D, $D122, '3월 단양 개인별 STAT'!$E:$E, $E122) + SUMIFS('4월 삼척 개인별 STAT'!AA:AA, '4월 삼척 개인별 STAT'!$D:$D, $D122, '4월 삼척 개인별 STAT'!$E:$E, $E122) -> 0 | AB122: =if((T122+X122+N122)=0, "-",T122+X122+N122) -> 45 | AC122: =N122+T122+X122+(V122*0.75) -> 45.75 | AD122: =IF(AE122+AF122=0,"-",AE122+AF122) -> 1 | AE122: =SUMIFS('3월 단양 개인별 STAT'!AE:AE, '3월 단양 개인별 STAT'!$D:$D, $D122, '3월 단양 개인별 STAT'!$E:$E, $E122) + SUMIFS('4월 삼척 개인별 STAT'!AE:AE, '4월 삼척 개인별 STAT'!$D:$D, $D122, '4월 삼척 개인별 STAT'!$E:$E, $E122) -> 1 | AF122: =SUMIFS('3월 단양 개인별 STAT'!AF:AF, '3월 단양 개인별 STAT'!$D:$D, $D122, '3월 단양 개인별 STAT'!$E:$E, $E122) + SUMIFS('4월 삼척 개인별 STAT'!AF:AF, '4월 삼척 개인별 STAT'!$D:$D, $D122, '4월 삼척 개인별 STAT'!$E:$E, $E122) -> 0 | AG122: =iferror((AE122/AD122)*100,"-") -> 100 | AH122: =SUMIFS('3월 단양 개인별 STAT'!AH:AH, '3월 단양 개인별 STAT'!$D:$D, $D122, '3월 단양 개인별 STAT'!$E:$E, $E122) + SUMIFS('4월 삼척 개인별 STAT'!AH:AH, '4월 삼척 개인별 STAT'!$D:$D, $D122, '4월 삼척 개인별 STAT'!$E:$E, $E122) -> 6 | AI122: =IFERROR(IF(MOD(AH122/M122, 1)=0, TEXT(AH122/M122, "0"), TEXT(AH122/M122, "0.00")), "-") -> 0.75 | AL122: =iferror(N122/$M122,"-") -> 4.625 | AM122: =iferror(R122/$M122,"-") -> 10.875 | AN122: =iferror(N122/R122,"-") -> 0.42528736 | AO122: =iferror(T122/$M122,"-") -> 0.375 | AP122: =iferror(X122/$M122,"-") -> 0.625 | AQ122: =iferror(AB122/$M122,"-") -> 5.625 | AR122: =iferror(AC122/$M122,"-") -> 5.71875 | AS122: =iferror(AF122/M122,"-") -> 0 | AT122: =AI122 -> 0.75
B123: 120 | C123: =if(D123=D122,C122+1,1) -> 8 | D123: 한봄고 | E123: 김수진 | F123: 3 | G123: OH | H123: OP | I123: 175 | J123: 60 | K123: 9 | L123: =SUMIFS('3월 단양 개인별 STAT'!L:L, '3월 단양 개인별 STAT'!$D:$D, $D123, '3월 단양 개인별 STAT'!$E:$E, $E123) + SUMIFS('4월 삼척 개인별 STAT'!L:L, '4월 삼척 개인별 STAT'!$D:$D, $D123, '4월 삼척 개인별 STAT'!$E:$E, $E123) -> 2 | M123: =SUMIFS('3월 단양 개인별 STAT'!M:M, '3월 단양 개인별 STAT'!$D:$D, $D123, '3월 단양 개인별 STAT'!$E:$E, $E123) + SUMIFS('4월 삼척 개인별 STAT'!M:M, '4월 삼척 개인별 STAT'!$D:$D, $D123, '4월 삼척 개인별 STAT'!$E:$E, $E123) -> 8 | N123: =SUMIFS('3월 단양 개인별 STAT'!N:N, '3월 단양 개인별 STAT'!$D:$D, $D123, '3월 단양 개인별 STAT'!$E:$E, $E123) + SUMIFS('4월 삼척 개인별 STAT'!N:N, '4월 삼척 개인별 STAT'!$D:$D, $D123, '4월 삼척 개인별 STAT'!$E:$E, $E123) -> 15 | O123: =SUMIFS('3월 단양 개인별 STAT'!O:O, '3월 단양 개인별 STAT'!$D:$D, $D123, '3월 단양 개인별 STAT'!$E:$E, $E123) + SUMIFS('4월 삼척 개인별 STAT'!O:O, '4월 삼척 개인별 STAT'!$D:$D, $D123, '4월 삼척 개인별 STAT'!$E:$E, $E123) -> 4 | P123: =SUMIFS('3월 단양 개인별 STAT'!P:P, '3월 단양 개인별 STAT'!$D:$D, $D123, '3월 단양 개인별 STAT'!$E:$E, $E123) + SUMIFS('4월 삼척 개인별 STAT'!P:P, '4월 삼척 개인별 STAT'!$D:$D, $D123, '4월 삼척 개인별 STAT'!$E:$E, $E123) -> 19 | Q123: =SUMIFS('3월 단양 개인별 STAT'!Q:Q, '3월 단양 개인별 STAT'!$D:$D, $D123, '3월 단양 개인별 STAT'!$E:$E, $E123) + SUMIFS('4월 삼척 개인별 STAT'!Q:Q, '4월 삼척 개인별 STAT'!$D:$D, $D123, '4월 삼척 개인별 STAT'!$E:$E, $E123) -> 0 | R123: =if(Q123+P123+N123=0,"-",Q123+P123+N123) -> 34 | S123: =if(iferror((N123-Q123)/R123,0)=0,"-",round((N123-Q123)/R123,2)) -> 0.44 | T123: =SUMIFS('3월 단양 개인별 STAT'!T:T, '3월 단양 개인별 STAT'!$D:$D, $D123, '3월 단양 개인별 STAT'!$E:$E, $E123) + SUMIFS('4월 삼척 개인별 STAT'!T:T, '4월 삼척 개인별 STAT'!$D:$D, $D123, '4월 삼척 개인별 STAT'!$E:$E, $E123) -> 1 | U123: =SUMIFS('3월 단양 개인별 STAT'!U:U, '3월 단양 개인별 STAT'!$D:$D, $D123, '3월 단양 개인별 STAT'!$E:$E, $E123) + SUMIFS('4월 삼척 개인별 STAT'!U:U, '4월 삼척 개인별 STAT'!$D:$D, $D123, '4월 삼척 개인별 STAT'!$E:$E, $E123) -> 0 | V123: =SUMIFS('3월 단양 개인별 STAT'!V:V, '3월 단양 개인별 STAT'!$D:$D, $D123, '3월 단양 개인별 STAT'!$E:$E, $E123) + SUMIFS('4월 삼척 개인별 STAT'!V:V, '4월 삼척 개인별 STAT'!$D:$D, $D123, '4월 삼척 개인별 STAT'!$E:$E, $E123) -> 3 | W123: =SUMIFS('3월 단양 개인별 STAT'!W:W, '3월 단양 개인별 STAT'!$D:$D, $D123, '3월 단양 개인별 STAT'!$E:$E, $E123) + SUMIFS('4월 삼척 개인별 STAT'!W:W, '4월 삼척 개인별 STAT'!$D:$D, $D123, '4월 삼척 개인별 STAT'!$E:$E, $E123) -> 27 | X123: =SUMIFS('3월 단양 개인별 STAT'!X:X, '3월 단양 개인별 STAT'!$D:$D, $D123, '3월 단양 개인별 STAT'!$E:$E, $E123) + SUMIFS('4월 삼척 개인별 STAT'!X:X, '4월 삼척 개인별 STAT'!$D:$D, $D123, '4월 삼척 개인별 STAT'!$E:$E, $E123) -> 4 | Y123: =SUMIFS('3월 단양 개인별 STAT'!Y:Y, '3월 단양 개인별 STAT'!$D:$D, $D123, '3월 단양 개인별 STAT'!$E:$E, $E123) + SUMIFS('4월 삼척 개인별 STAT'!Y:Y, '4월 삼척 개인별 STAT'!$D:$D, $D123, '4월 삼척 개인별 STAT'!$E:$E, $E123) -> 5 | Z123: =IF(Y123+X123+W123=0,"-",Y123+X123+W123) -> 36 | AA123: =SUMIFS('3월 단양 개인별 STAT'!AA:AA, '3월 단양 개인별 STAT'!$D:$D, $D123, '3월 단양 개인별 STAT'!$E:$E, $E123) + SUMIFS('4월 삼척 개인별 STAT'!AA:AA, '4월 삼척 개인별 STAT'!$D:$D, $D123, '4월 삼척 개인별 STAT'!$E:$E, $E123) -> 1 | AB123: =if((T123+X123+N123)=0, "-",T123+X123+N123) -> 20 | AC123: =N123+T123+X123+(V123*0.75) -> 22.25 | AD123: =IF(AE123+AF123=0,"-",AE123+AF123) -> 53 | AE123: =SUMIFS('3월 단양 개인별 STAT'!AE:AE, '3월 단양 개인별 STAT'!$D:$D, $D123, '3월 단양 개인별 STAT'!$E:$E, $E123) + SUMIFS('4월 삼척 개인별 STAT'!AE:AE, '4월 삼척 개인별 STAT'!$D:$D, $D123, '4월 삼척 개인별 STAT'!$E:$E, $E123) -> 45 | AF123: =SUMIFS('3월 단양 개인별 STAT'!AF:AF, '3월 단양 개인별 STAT'!$D:$D, $D123, '3월 단양 개인별 STAT'!$E:$E, $E123) + SUMIFS('4월 삼척 개인별 STAT'!AF:AF, '4월 삼척 개인별 STAT'!$D:$D, $D123, '4월 삼척 개인별 STAT'!$E:$E, $E123) -> 8 | AG123: =iferror((AE123/AD123)*100,"-") -> 84.90566 | AH123: =SUMIFS('3월 단양 개인별 STAT'!AH:AH, '3월 단양 개인별 STAT'!$D:$D, $D123, '3월 단양 개인별 STAT'!$E:$E, $E123) + SUMIFS('4월 삼척 개인별 STAT'!AH:AH, '4월 삼척 개인별 STAT'!$D:$D, $D123, '4월 삼척 개인별 STAT'!$E:$E, $E123) -> 16 | AI123: =IFERROR(IF(MOD(AH123/M123, 1)=0, TEXT(AH123/M123, "0"), TEXT(AH123/M123, "0.00")), "-") -> 2 | AL123: =iferror(N123/$M123,"-") -> 1.875 | AM123: =iferror(R123/$M123,"-") -> 4.25 | AN123: =iferror(N123/R123,"-") -> 0.44117647 | AO123: =iferror(T123/$M123,"-") -> 0.125 | AP123: =iferror(X123/$M123,"-") -> 0.5 | AQ123: =iferror(AB123/$M123,"-") -> 2.5 | AR123: =iferror(AC123/$M123,"-") -> 2.78125 | AS123: =iferror(AF123/M123,"-") -> 1 | AT123: =AI123 -> 2
B124: 121 | C124: =if(D124=D123,C123+1,1) -> 9 | D124: 한봄고 | E124: 어민서 | F124: 1 | G124: OH | H124: OP | I124: 180 | J124: 61 | K124: 10 | L124: =SUMIFS('3월 단양 개인별 STAT'!L:L, '3월 단양 개인별 STAT'!$D:$D, $D124, '3월 단양 개인별 STAT'!$E:$E, $E124) + SUMIFS('4월 삼척 개인별 STAT'!L:L, '4월 삼척 개인별 STAT'!$D:$D, $D124, '4월 삼척 개인별 STAT'!$E:$E, $E124) -> 2 | M124: =SUMIFS('3월 단양 개인별 STAT'!M:M, '3월 단양 개인별 STAT'!$D:$D, $D124, '3월 단양 개인별 STAT'!$E:$E, $E124) + SUMIFS('4월 삼척 개인별 STAT'!M:M, '4월 삼척 개인별 STAT'!$D:$D, $D124, '4월 삼척 개인별 STAT'!$E:$E, $E124) -> 8 | N124: =SUMIFS('3월 단양 개인별 STAT'!N:N, '3월 단양 개인별 STAT'!$D:$D, $D124, '3월 단양 개인별 STAT'!$E:$E, $E124) + SUMIFS('4월 삼척 개인별 STAT'!N:N, '4월 삼척 개인별 STAT'!$D:$D, $D124, '4월 삼척 개인별 STAT'!$E:$E, $E124) -> 19 | O124: =SUMIFS('3월 단양 개인별 STAT'!O:O, '3월 단양 개인별 STAT'!$D:$D, $D124, '3월 단양 개인별 STAT'!$E:$E, $E124) + SUMIFS('4월 삼척 개인별 STAT'!O:O, '4월 삼척 개인별 STAT'!$D:$D, $D124, '4월 삼척 개인별 STAT'!$E:$E, $E124) -> 1 | P124: =SUMIFS('3월 단양 개인별 STAT'!P:P, '3월 단양 개인별 STAT'!$D:$D, $D124, '3월 단양 개인별 STAT'!$E:$E, $E124) + SUMIFS('4월 삼척 개인별 STAT'!P:P, '4월 삼척 개인별 STAT'!$D:$D, $D124, '4월 삼척 개인별 STAT'!$E:$E, $E124) -> 21 | Q124: =SUMIFS('3월 단양 개인별 STAT'!Q:Q, '3월 단양 개인별 STAT'!$D:$D, $D124, '3월 단양 개인별 STAT'!$E:$E, $E124) + SUMIFS('4월 삼척 개인별 STAT'!Q:Q, '4월 삼척 개인별 STAT'!$D:$D, $D124, '4월 삼척 개인별 STAT'!$E:$E, $E124) -> 16 | R124: =if(Q124+P124+N124=0,"-",Q124+P124+N124) -> 56 | S124: =if(iferror((N124-Q124)/R124,0)=0,"-",round((N124-Q124)/R124,2)) -> 0.05 | T124: =SUMIFS('3월 단양 개인별 STAT'!T:T, '3월 단양 개인별 STAT'!$D:$D, $D124, '3월 단양 개인별 STAT'!$E:$E, $E124) + SUMIFS('4월 삼척 개인별 STAT'!T:T, '4월 삼척 개인별 STAT'!$D:$D, $D124, '4월 삼척 개인별 STAT'!$E:$E, $E124) -> 0 | U124: =SUMIFS('3월 단양 개인별 STAT'!U:U, '3월 단양 개인별 STAT'!$D:$D, $D124, '3월 단양 개인별 STAT'!$E:$E, $E124) + SUMIFS('4월 삼척 개인별 STAT'!U:U, '4월 삼척 개인별 STAT'!$D:$D, $D124, '4월 삼척 개인별 STAT'!$E:$E, $E124) -> 0 | V124: =SUMIFS('3월 단양 개인별 STAT'!V:V, '3월 단양 개인별 STAT'!$D:$D, $D124, '3월 단양 개인별 STAT'!$E:$E, $E124) + SUMIFS('4월 삼척 개인별 STAT'!V:V, '4월 삼척 개인별 STAT'!$D:$D, $D124, '4월 삼척 개인별 STAT'!$E:$E, $E124) -> 0 | W124: =SUMIFS('3월 단양 개인별 STAT'!W:W, '3월 단양 개인별 STAT'!$D:$D, $D124, '3월 단양 개인별 STAT'!$E:$E, $E124) + SUMIFS('4월 삼척 개인별 STAT'!W:W, '4월 삼척 개인별 STAT'!$D:$D, $D124, '4월 삼척 개인별 STAT'!$E:$E, $E124) -> 13 | X124: =SUMIFS('3월 단양 개인별 STAT'!X:X, '3월 단양 개인별 STAT'!$D:$D, $D124, '3월 단양 개인별 STAT'!$E:$E, $E124) + SUMIFS('4월 삼척 개인별 STAT'!X:X, '4월 삼척 개인별 STAT'!$D:$D, $D124, '4월 삼척 개인별 STAT'!$E:$E, $E124) -> 0 | Y124: =SUMIFS('3월 단양 개인별 STAT'!Y:Y, '3월 단양 개인별 STAT'!$D:$D, $D124, '3월 단양 개인별 STAT'!$E:$E, $E124) + SUMIFS('4월 삼척 개인별 STAT'!Y:Y, '4월 삼척 개인별 STAT'!$D:$D, $D124, '4월 삼척 개인별 STAT'!$E:$E, $E124) -> 4 | Z124: =IF(Y124+X124+W124=0,"-",Y124+X124+W124) -> 17 | AA124: =SUMIFS('3월 단양 개인별 STAT'!AA:AA, '3월 단양 개인별 STAT'!$D:$D, $D124, '3월 단양 개인별 STAT'!$E:$E, $E124) + SUMIFS('4월 삼척 개인별 STAT'!AA:AA, '4월 삼척 개인별 STAT'!$D:$D, $D124, '4월 삼척 개인별 STAT'!$E:$E, $E124) -> 1 | AB124: =if((T124+X124+N124)=0, "-",T124+X124+N124) -> 19 | AC124: =N124+T124+X124+(V124*0.75) -> 19 | AD124: =IF(AE124+AF124=0,"-",AE124+AF124) -> 9 | AE124: =SUMIFS('3월 단양 개인별 STAT'!AE:AE, '3월 단양 개인별 STAT'!$D:$D, $D124, '3월 단양 개인별 STAT'!$E:$E, $E124) + SUMIFS('4월 삼척 개인별 STAT'!AE:AE, '4월 삼척 개인별 STAT'!$D:$D, $D124, '4월 삼척 개인별 STAT'!$E:$E, $E124) -> 8 | AF124: =SUMIFS('3월 단양 개인별 STAT'!AF:AF, '3월 단양 개인별 STAT'!$D:$D, $D124, '3월 단양 개인별 STAT'!$E:$E, $E124) + SUMIFS('4월 삼척 개인별 STAT'!AF:AF, '4월 삼척 개인별 STAT'!$D:$D, $D124, '4월 삼척 개인별 STAT'!$E:$E, $E124) -> 1 | AG124: =iferror((AE124/AD124)*100,"-") -> 88.888889 | AH124: =SUMIFS('3월 단양 개인별 STAT'!AH:AH, '3월 단양 개인별 STAT'!$D:$D, $D124, '3월 단양 개인별 STAT'!$E:$E, $E124) + SUMIFS('4월 삼척 개인별 STAT'!AH:AH, '4월 삼척 개인별 STAT'!$D:$D, $D124, '4월 삼척 개인별 STAT'!$E:$E, $E124) -> 9 | AI124: =IFERROR(IF(MOD(AH124/M124, 1)=0, TEXT(AH124/M124, "0"), TEXT(AH124/M124, "0.00")), "-") -> 1.13 | AL124: =iferror(N124/$M124,"-") -> 2.375 | AM124: =iferror(R124/$M124,"-") -> 7 | AN124: =iferror(N124/R124,"-") -> 0.33928571 | AO124: =iferror(T124/$M124,"-") -> 0 | AP124: =iferror(X124/$M124,"-") -> 0 | AQ124: =iferror(AB124/$M124,"-") -> 2.375 | AR124: =iferror(AC124/$M124,"-") -> 2.375 | AS124: =iferror(AF124/M124,"-") -> 0.125 | AT124: =AI124 -> 1.13
B125: 122 | C125: =if(D125=D124,C124+1,1) -> 10 | D125: 한봄고 | E125: 이해윤 | F125: 1 | G125: S | H125: - | I125: 178 | J125: 64 | K125: 11 | L125: =SUMIFS('3월 단양 개인별 STAT'!L:L, '3월 단양 개인별 STAT'!$D:$D, $D125, '3월 단양 개인별 STAT'!$E:$E, $E125) + SUMIFS('4월 삼척 개인별 STAT'!L:L, '4월 삼척 개인별 STAT'!$D:$D, $D125, '4월 삼척 개인별 STAT'!$E:$E, $E125) -> 0 | M125: =SUMIFS('3월 단양 개인별 STAT'!M:M, '3월 단양 개인별 STAT'!$D:$D, $D125, '3월 단양 개인별 STAT'!$E:$E, $E125) + SUMIFS('4월 삼척 개인별 STAT'!M:M, '4월 삼척 개인별 STAT'!$D:$D, $D125, '4월 삼척 개인별 STAT'!$E:$E, $E125) -> 0 | N125: =SUMIFS('3월 단양 개인별 STAT'!N:N, '3월 단양 개인별 STAT'!$D:$D, $D125, '3월 단양 개인별 STAT'!$E:$E, $E125) + SUMIFS('4월 삼척 개인별 STAT'!N:N, '4월 삼척 개인별 STAT'!$D:$D, $D125, '4월 삼척 개인별 STAT'!$E:$E, $E125) -> 0 | O125: =SUMIFS('3월 단양 개인별 STAT'!O:O, '3월 단양 개인별 STAT'!$D:$D, $D125, '3월 단양 개인별 STAT'!$E:$E, $E125) + SUMIFS('4월 삼척 개인별 STAT'!O:O, '4월 삼척 개인별 STAT'!$D:$D, $D125, '4월 삼척 개인별 STAT'!$E:$E, $E125) -> 0 | P125: =SUMIFS('3월 단양 개인별 STAT'!P:P, '3월 단양 개인별 STAT'!$D:$D, $D125, '3월 단양 개인별 STAT'!$E:$E, $E125) + SUMIFS('4월 삼척 개인별 STAT'!P:P, '4월 삼척 개인별 STAT'!$D:$D, $D125, '4월 삼척 개인별 STAT'!$E:$E, $E125) -> 0 | Q125: =SUMIFS('3월 단양 개인별 STAT'!Q:Q, '3월 단양 개인별 STAT'!$D:$D, $D125, '3월 단양 개인별 STAT'!$E:$E, $E125) + SUMIFS('4월 삼척 개인별 STAT'!Q:Q, '4월 삼척 개인별 STAT'!$D:$D, $D125, '4월 삼척 개인별 STAT'!$E:$E, $E125) -> 0 | R125: =if(Q125+P125+N125=0,"-",Q125+P125+N125) -> - | S125: =if(iferror((N125-Q125)/R125,0)=0,"-",round((N125-Q125)/R125,2)) -> - | T125: =SUMIFS('3월 단양 개인별 STAT'!T:T, '3월 단양 개인별 STAT'!$D:$D, $D125, '3월 단양 개인별 STAT'!$E:$E, $E125) + SUMIFS('4월 삼척 개인별 STAT'!T:T, '4월 삼척 개인별 STAT'!$D:$D, $D125, '4월 삼척 개인별 STAT'!$E:$E, $E125) -> 0 | U125: =SUMIFS('3월 단양 개인별 STAT'!U:U, '3월 단양 개인별 STAT'!$D:$D, $D125, '3월 단양 개인별 STAT'!$E:$E, $E125) + SUMIFS('4월 삼척 개인별 STAT'!U:U, '4월 삼척 개인별 STAT'!$D:$D, $D125, '4월 삼척 개인별 STAT'!$E:$E, $E125) -> 0 | V125: =SUMIFS('3월 단양 개인별 STAT'!V:V, '3월 단양 개인별 STAT'!$D:$D, $D125, '3월 단양 개인별 STAT'!$E:$E, $E125) + SUMIFS('4월 삼척 개인별 STAT'!V:V, '4월 삼척 개인별 STAT'!$D:$D, $D125, '4월 삼척 개인별 STAT'!$E:$E, $E125) -> 0 | W125: =SUMIFS('3월 단양 개인별 STAT'!W:W, '3월 단양 개인별 STAT'!$D:$D, $D125, '3월 단양 개인별 STAT'!$E:$E, $E125) + SUMIFS('4월 삼척 개인별 STAT'!W:W, '4월 삼척 개인별 STAT'!$D:$D, $D125, '4월 삼척 개인별 STAT'!$E:$E, $E125) -> 0 | X125: =SUMIFS('3월 단양 개인별 STAT'!X:X, '3월 단양 개인별 STAT'!$D:$D, $D125, '3월 단양 개인별 STAT'!$E:$E, $E125) + SUMIFS('4월 삼척 개인별 STAT'!X:X, '4월 삼척 개인별 STAT'!$D:$D, $D125, '4월 삼척 개인별 STAT'!$E:$E, $E125) -> 0 | Y125: =SUMIFS('3월 단양 개인별 STAT'!Y:Y, '3월 단양 개인별 STAT'!$D:$D, $D125, '3월 단양 개인별 STAT'!$E:$E, $E125) + SUMIFS('4월 삼척 개인별 STAT'!Y:Y, '4월 삼척 개인별 STAT'!$D:$D, $D125, '4월 삼척 개인별 STAT'!$E:$E, $E125) -> 0 | Z125: =IF(Y125+X125+W125=0,"-",Y125+X125+W125) -> - | AA125: =SUMIFS('3월 단양 개인별 STAT'!AA:AA, '3월 단양 개인별 STAT'!$D:$D, $D125, '3월 단양 개인별 STAT'!$E:$E, $E125) + SUMIFS('4월 삼척 개인별 STAT'!AA:AA, '4월 삼척 개인별 STAT'!$D:$D, $D125, '4월 삼척 개인별 STAT'!$E:$E, $E125) -> 0 | AB125: =if((T125+X125+N125)=0, "-",T125+X125+N125) -> - | AC125: =N125+T125+X125+(V125*0.75) -> 0 | AD125: =IF(AE125+AF125=0,"-",AE125+AF125) -> - | AE125: =SUMIFS('3월 단양 개인별 STAT'!AE:AE, '3월 단양 개인별 STAT'!$D:$D, $D125, '3월 단양 개인별 STAT'!$E:$E, $E125) + SUMIFS('4월 삼척 개인별 STAT'!AE:AE, '4월 삼척 개인별 STAT'!$D:$D, $D125, '4월 삼척 개인별 STAT'!$E:$E, $E125) -> 0 | AF125: =SUMIFS('3월 단양 개인별 STAT'!AF:AF, '3월 단양 개인별 STAT'!$D:$D, $D125, '3월 단양 개인별 STAT'!$E:$E, $E125) + SUMIFS('4월 삼척 개인별 STAT'!AF:AF, '4월 삼척 개인별 STAT'!$D:$D, $D125, '4월 삼척 개인별 STAT'!$E:$E, $E125) -> 0 | AG125: =iferror((AE125/AD125)*100,"-") -> - | AH125: =SUMIFS('3월 단양 개인별 STAT'!AH:AH, '3월 단양 개인별 STAT'!$D:$D, $D125, '3월 단양 개인별 STAT'!$E:$E, $E125) + SUMIFS('4월 삼척 개인별 STAT'!AH:AH, '4월 삼척 개인별 STAT'!$D:$D, $D125, '4월 삼척 개인별 STAT'!$E:$E, $E125) -> 0 | AI125: =IFERROR(IF(MOD(AH125/M125, 1)=0, TEXT(AH125/M125, "0"), TEXT(AH125/M125, "0.00")), "-") -> - | AL125: =iferror(N125/$M125,"-") -> - | AM125: =iferror(R125/$M125,"-") -> - | AN125: =iferror(N125/R125,"-") -> - | AO125: =iferror(T125/$M125,"-") -> - | AP125: =iferror(X125/$M125,"-") -> - | AQ125: =iferror(AB125/$M125,"-") -> - | AR125: =iferror(AC125/$M125,"-") -> - | AS125: =iferror(AF125/M125,"-") -> - | AT125: =AI125 -> -
... B147: 144 | C147: =if(D147=D146,C146+1,1) -> 6 | D147: 경일고 | E147: 서예림 | F147: 1 | G147: MB | H147: - | I147: 183 | J147: 85 | K147: 15 | L147: =SUMIFS('3월 단양 개인별 STAT'!L:L, '3월 단양 개인별 STAT'!$D:$D, $D147, '3월 단양 개인별 STAT'!$E:$E, $E147) + SUMIFS('4월 삼척 개인별 STAT'!L:L, '4월 삼척 개인별 STAT'!$D:$D, $D147, '4월 삼척 개인별 STAT'!$E:$E, $E147) -> 3 | M147: =SUMIFS('3월 단양 개인별 STAT'!M:M, '3월 단양 개인별 STAT'!$D:$D, $D147, '3월 단양 개인별 STAT'!$E:$E, $E147) + SUMIFS('4월 삼척 개인별 STAT'!M:M, '4월 삼척 개인별 STAT'!$D:$D, $D147, '4월 삼척 개인별 STAT'!$E:$E, $E147) -> 9 | N147: =SUMIFS('3월 단양 개인별 STAT'!N:N, '3월 단양 개인별 STAT'!$D:$D, $D147, '3월 단양 개인별 STAT'!$E:$E, $E147) + SUMIFS('4월 삼척 개인별 STAT'!N:N, '4월 삼척 개인별 STAT'!$D:$D, $D147, '4월 삼척 개인별 STAT'!$E:$E, $E147) -> 27 | O147: =SUMIFS('3월 단양 개인별 STAT'!O:O, '3월 단양 개인별 STAT'!$D:$D, $D147, '3월 단양 개인별 STAT'!$E:$E, $E147) + SUMIFS('4월 삼척 개인별 STAT'!O:O, '4월 삼척 개인별 STAT'!$D:$D, $D147, '4월 삼척 개인별 STAT'!$E:$E, $E147) -> 3 | P147: =SUMIFS('3월 단양 개인별 STAT'!P:P, '3월 단양 개인별 STAT'!$D:$D, $D147, '3월 단양 개인별 STAT'!$E:$E, $E147) + SUMIFS('4월 삼척 개인별 STAT'!P:P, '4월 삼척 개인별 STAT'!$D:$D, $D147, '4월 삼척 개인별 STAT'!$E:$E, $E147) -> 15 | Q147: =SUMIFS('3월 단양 개인별 STAT'!Q:Q, '3월 단양 개인별 STAT'!$D:$D, $D147, '3월 단양 개인별 STAT'!$E:$E, $E147) + SUMIFS('4월 삼척 개인별 STAT'!Q:Q, '4월 삼척 개인별 STAT'!$D:$D, $D147, '4월 삼척 개인별 STAT'!$E:$E, $E147) -> 7 | R147: =if(Q147+P147+N147=0,"-",Q147+P147+N147) -> 49 | S147: =if(iferror((N147-Q147)/R147,0)=0,"-",round((N147-Q147)/R147,2)) -> 0.41 | T147: =SUMIFS('3월 단양 개인별 STAT'!T:T, '3월 단양 개인별 STAT'!$D:$D, $D147, '3월 단양 개인별 STAT'!$E:$E, $E147) + SUMIFS('4월 삼척 개인별 STAT'!T:T, '4월 삼척 개인별 STAT'!$D:$D, $D147, '4월 삼척 개인별 STAT'!$E:$E, $E147) -> 2 | U147: =SUMIFS('3월 단양 개인별 STAT'!U:U, '3월 단양 개인별 STAT'!$D:$D, $D147, '3월 단양 개인별 STAT'!$E:$E, $E147) + SUMIFS('4월 삼척 개인별 STAT'!U:U, '4월 삼척 개인별 STAT'!$D:$D, $D147, '4월 삼척 개인별 STAT'!$E:$E, $E147) -> 0 | V147: =SUMIFS('3월 단양 개인별 STAT'!V:V, '3월 단양 개인별 STAT'!$D:$D, $D147, '3월 단양 개인별 STAT'!$E:$E, $E147) + SUMIFS('4월 삼척 개인별 STAT'!V:V, '4월 삼척 개인별 STAT'!$D:$D, $D147, '4월 삼척 개인별 STAT'!$E:$E, $E147) -> 2 | W147: =SUMIFS('3월 단양 개인별 STAT'!W:W, '3월 단양 개인별 STAT'!$D:$D, $D147, '3월 단양 개인별 STAT'!$E:$E, $E147) + SUMIFS('4월 삼척 개인별 STAT'!W:W, '4월 삼척 개인별 STAT'!$D:$D, $D147, '4월 삼척 개인별 STAT'!$E:$E, $E147) -> 20 | X147: =SUMIFS('3월 단양 개인별 STAT'!X:X, '3월 단양 개인별 STAT'!$D:$D, $D147, '3월 단양 개인별 STAT'!$E:$E, $E147) + SUMIFS('4월 삼척 개인별 STAT'!X:X, '4월 삼척 개인별 STAT'!$D:$D, $D147, '4월 삼척 개인별 STAT'!$E:$E, $E147) -> 2 | Y147: =SUMIFS('3월 단양 개인별 STAT'!Y:Y, '3월 단양 개인별 STAT'!$D:$D, $D147, '3월 단양 개인별 STAT'!$E:$E, $E147) + SUMIFS('4월 삼척 개인별 STAT'!Y:Y, '4월 삼척 개인별 STAT'!$D:$D, $D147, '4월 삼척 개인별 STAT'!$E:$E, $E147) -> 5 | Z147: =IF(Y147+X147+W147=0,"-",Y147+X147+W147) -> 27 | AA147: =SUMIFS('3월 단양 개인별 STAT'!AA:AA, '3월 단양 개인별 STAT'!$D:$D, $D147, '3월 단양 개인별 STAT'!$E:$E, $E147) + SUMIFS('4월 삼척 개인별 STAT'!AA:AA, '4월 삼척 개인별 STAT'!$D:$D, $D147, '4월 삼척 개인별 STAT'!$E:$E, $E147) -> 0 | AB147: =if((T147+X147+N147)=0, "-",T147+X147+N147) -> 31 | AC147: =N147+T147+X147+(V147*0.75) -> 32.5 | AD147: =IF(AE147+AF147=0,"-",AE147+AF147) -> 8 | AE147: =SUMIFS('3월 단양 개인별 STAT'!AE:AE, '3월 단양 개인별 STAT'!$D:$D, $D147, '3월 단양 개인별 STAT'!$E:$E, $E147) + SUMIFS('4월 삼척 개인별 STAT'!AE:AE, '4월 삼척 개인별 STAT'!$D:$D, $D147, '4월 삼척 개인별 STAT'!$E:$E, $E147) -> 5 | AF147: =SUMIFS('3월 단양 개인별 STAT'!AF:AF, '3월 단양 개인별 STAT'!$D:$D, $D147, '3월 단양 개인별 STAT'!$E:$E, $E147) + SUMIFS('4월 삼척 개인별 STAT'!AF:AF, '4월 삼척 개인별 STAT'!$D:$D, $D147, '4월 삼척 개인별 STAT'!$E:$E, $E147) -> 3 | AG147: =iferror((AE147/AD147)*100,"-") -> 62.5 | AH147: =SUMIFS('3월 단양 개인별 STAT'!AH:AH, '3월 단양 개인별 STAT'!$D:$D, $D147, '3월 단양 개인별 STAT'!$E:$E, $E147) + SUMIFS('4월 삼척 개인별 STAT'!AH:AH, '4월 삼척 개인별 STAT'!$D:$D, $D147, '4월 삼척 개인별 STAT'!$E:$E, $E147) -> 16 | AI147: =IFERROR(IF(MOD(AH147/M147, 1)=0, TEXT(AH147/M147, "0"), TEXT(AH147/M147, "0.00")), "-") -> 1.78 | AL147: =iferror(N147/$M147,"-") -> 3 | AM147: =iferror(R147/$M147,"-") -> 5.4444444 | AN147: =iferror(N147/R147,"-") -> 0.55102041 | AO147: =iferror(T147/$M147,"-") -> 0.22222222 | AP147: =iferror(X147/$M147,"-") -> 0.22222222 | AQ147: =iferror(AB147/$M147,"-") -> 3.4444444 | AR147: =iferror(AC147/$M147,"-") -> 3.6111111 | AS147: =iferror(AF147/M147,"-") -> 0.33333333 | AT147: =AI147 -> 1.78
B148: 145 | C148: =if(D148=D147,C147+1,1) -> 1 | L148: =SUMIFS('3월 단양 개인별 STAT'!L:L, '3월 단양 개인별 STAT'!$D:$D, $D148, '3월 단양 개인별 STAT'!$E:$E, $E148) + SUMIFS('4월 삼척 개인별 STAT'!L:L, '4월 삼척 개인별 STAT'!$D:$D, $D148, '4월 삼척 개인별 STAT'!$E:$E, $E148) -> 0 | M148: =SUMIFS('3월 단양 개인별 STAT'!M:M, '3월 단양 개인별 STAT'!$D:$D, $D148, '3월 단양 개인별 STAT'!$E:$E, $E148) + SUMIFS('4월 삼척 개인별 STAT'!M:M, '4월 삼척 개인별 STAT'!$D:$D, $D148, '4월 삼척 개인별 STAT'!$E:$E, $E148) -> 0 | N148: =SUMIFS('3월 단양 개인별 STAT'!N:N, '3월 단양 개인별 STAT'!$D:$D, $D148, '3월 단양 개인별 STAT'!$E:$E, $E148) + SUMIFS('4월 삼척 개인별 STAT'!N:N, '4월 삼척 개인별 STAT'!$D:$D, $D148, '4월 삼척 개인별 STAT'!$E:$E, $E148) -> 0 | O148: =SUMIFS('3월 단양 개인별 STAT'!O:O, '3월 단양 개인별 STAT'!$D:$D, $D148, '3월 단양 개인별 STAT'!$E:$E, $E148) + SUMIFS('4월 삼척 개인별 STAT'!O:O, '4월 삼척 개인별 STAT'!$D:$D, $D148, '4월 삼척 개인별 STAT'!$E:$E, $E148) -> 0 | P148: =SUMIFS('3월 단양 개인별 STAT'!P:P, '3월 단양 개인별 STAT'!$D:$D, $D148, '3월 단양 개인별 STAT'!$E:$E, $E148) + SUMIFS('4월 삼척 개인별 STAT'!P:P, '4월 삼척 개인별 STAT'!$D:$D, $D148, '4월 삼척 개인별 STAT'!$E:$E, $E148) -> 0 | Q148: =SUMIFS('3월 단양 개인별 STAT'!Q:Q, '3월 단양 개인별 STAT'!$D:$D, $D148, '3월 단양 개인별 STAT'!$E:$E, $E148) + SUMIFS('4월 삼척 개인별 STAT'!Q:Q, '4월 삼척 개인별 STAT'!$D:$D, $D148, '4월 삼척 개인별 STAT'!$E:$E, $E148) -> 0 | R148: =if(Q148+P148+N148=0,"-",Q148+P148+N148) -> - | S148: =if(iferror((N148-Q148)/R148,0)=0,"-",round((N148-Q148)/R148,2)) -> - | Z148: =IF(Y148+X148+W148=0,"-",Y148+X148+W148) -> - | AB148: =if((T148+X148+N148)=0, "-",T148+X148+N148) -> - | AC148: =N148+T148+X148+(V148*0.75) -> 0 | AD148: =IF(AE148+AF148=0,"-",AE148+AF148) -> - | AE148: =SUMIFS('3월 단양 개인별 STAT'!AE:AE, '3월 단양 개인별 STAT'!$D:$D, $D148, '3월 단양 개인별 STAT'!$E:$E, $E148) + SUMIFS('4월 삼척 개인별 STAT'!AE:AE, '4월 삼척 개인별 STAT'!$D:$D, $D148, '4월 삼척 개인별 STAT'!$E:$E, $E148) -> 0 | AF148: =SUMIFS('3월 단양 개인별 STAT'!AF:AF, '3월 단양 개인별 STAT'!$D:$D, $D148, '3월 단양 개인별 STAT'!$E:$E, $E148) + SUMIFS('4월 삼척 개인별 STAT'!AF:AF, '4월 삼척 개인별 STAT'!$D:$D, $D148, '4월 삼척 개인별 STAT'!$E:$E, $E148) -> 0 | AG148: =iferror((AE148/AD148)*100,"-") -> - | AH148: =SUMIFS('3월 단양 개인별 STAT'!AH:AH, '3월 단양 개인별 STAT'!$D:$D, $D148, '3월 단양 개인별 STAT'!$E:$E, $E148) + SUMIFS('4월 삼척 개인별 STAT'!AH:AH, '4월 삼척 개인별 STAT'!$D:$D, $D148, '4월 삼척 개인별 STAT'!$E:$E, $E148) -> 0 | AI148: =IFERROR(IF(MOD(AH148/M148, 1)=0, TEXT(AH148/M148, "0"), TEXT(AH148/M148, "0.00")), "-") -> - | AL148: =iferror(N148/$M148,"-") -> - | AM148: =iferror(R148/$M148,"-") -> - | AN148: =iferror(N148/R148,"-") -> - | AO148: =iferror(T148/$M148,"-") -> - | AP148: =iferror(X148/$M148,"-") -> - | AQ148: =iferror(AB148/$M148,"-") -> - | AR148: =iferror(AC148/$M148,"-") -> - | AS148: =iferror(AF148/M148,"-") -> - | AT148: =AI148 -> -
B149: 146 | C149: =if(D149=D148,C148+1,1) -> 2 | L149: =SUMIFS('3월 단양 개인별 STAT'!L:L, '3월 단양 개인별 STAT'!$D:$D, $D149, '3월 단양 개인별 STAT'!$E:$E, $E149) + SUMIFS('4월 삼척 개인별 STAT'!L:L, '4월 삼척 개인별 STAT'!$D:$D, $D149, '4월 삼척 개인별 STAT'!$E:$E, $E149) -> 0 | M149: =SUMIFS('3월 단양 개인별 STAT'!M:M, '3월 단양 개인별 STAT'!$D:$D, $D149, '3월 단양 개인별 STAT'!$E:$E, $E149) + SUMIFS('4월 삼척 개인별 STAT'!M:M, '4월 삼척 개인별 STAT'!$D:$D, $D149, '4월 삼척 개인별 STAT'!$E:$E, $E149) -> 0 | N149: =SUMIFS('3월 단양 개인별 STAT'!N:N, '3월 단양 개인별 STAT'!$D:$D, $D149, '3월 단양 개인별 STAT'!$E:$E, $E149) + SUMIFS('4월 삼척 개인별 STAT'!N:N, '4월 삼척 개인별 STAT'!$D:$D, $D149, '4월 삼척 개인별 STAT'!$E:$E, $E149) -> 0 | O149: =SUMIFS('3월 단양 개인별 STAT'!O:O, '3월 단양 개인별 STAT'!$D:$D, $D149, '3월 단양 개인별 STAT'!$E:$E, $E149) + SUMIFS('4월 삼척 개인별 STAT'!O:O, '4월 삼척 개인별 STAT'!$D:$D, $D149, '4월 삼척 개인별 STAT'!$E:$E, $E149) -> 0 | P149: =SUMIFS('3월 단양 개인별 STAT'!P:P, '3월 단양 개인별 STAT'!$D:$D, $D149, '3월 단양 개인별 STAT'!$E:$E, $E149) + SUMIFS('4월 삼척 개인별 STAT'!P:P, '4월 삼척 개인별 STAT'!$D:$D, $D149, '4월 삼척 개인별 STAT'!$E:$E, $E149) -> 0 | Q149: =SUMIFS('3월 단양 개인별 STAT'!Q:Q, '3월 단양 개인별 STAT'!$D:$D, $D149, '3월 단양 개인별 STAT'!$E:$E, $E149) + SUMIFS('4월 삼척 개인별 STAT'!Q:Q, '4월 삼척 개인별 STAT'!$D:$D, $D149, '4월 삼척 개인별 STAT'!$E:$E, $E149) -> 0 | R149: =if(Q149+P149+N149=0,"-",Q149+P149+N149) -> - | S149: =if(iferror((N149-Q149)/R149,0)=0,"-",round((N149-Q149)/R149,2)) -> - | Z149: =IF(Y149+X149+W149=0,"-",Y149+X149+W149) -> - | AB149: =if((T149+X149+N149)=0, "-",T149+X149+N149) -> - | AC149: =N149+T149+X149+(V149*0.75) -> 0 | AD149: =IF(AE149+AF149=0,"-",AE149+AF149) -> - | AE149: =SUMIFS('3월 단양 개인별 STAT'!AE:AE, '3월 단양 개인별 STAT'!$D:$D, $D149, '3월 단양 개인별 STAT'!$E:$E, $E149) + SUMIFS('4월 삼척 개인별 STAT'!AE:AE, '4월 삼척 개인별 STAT'!$D:$D, $D149, '4월 삼척 개인별 STAT'!$E:$E, $E149) -> 0 | AF149: =SUMIFS('3월 단양 개인별 STAT'!AF:AF, '3월 단양 개인별 STAT'!$D:$D, $D149, '3월 단양 개인별 STAT'!$E:$E, $E149) + SUMIFS('4월 삼척 개인별 STAT'!AF:AF, '4월 삼척 개인별 STAT'!$D:$D, $D149, '4월 삼척 개인별 STAT'!$E:$E, $E149) -> 0 | AG149: =iferror((AE149/AD149)*100,"-") -> - | AH149: =SUMIFS('3월 단양 개인별 STAT'!AH:AH, '3월 단양 개인별 STAT'!$D:$D, $D149, '3월 단양 개인별 STAT'!$E:$E, $E149) + SUMIFS('4월 삼척 개인별 STAT'!AH:AH, '4월 삼척 개인별 STAT'!$D:$D, $D149, '4월 삼척 개인별 STAT'!$E:$E, $E149) -> 0 | AI149: =IFERROR(IF(MOD(AH149/M149, 1)=0, TEXT(AH149/M149, "0"), TEXT(AH149/M149, "0.00")), "-") -> - | AL149: =iferror(N149/$M149,"-") -> - | AM149: =iferror(R149/$M149,"-") -> - | AN149: =iferror(N149/R149,"-") -> - | AO149: =iferror(T149/$M149,"-") -> - | AP149: =iferror(X149/$M149,"-") -> - | AQ149: =iferror(AB149/$M149,"-") -> - | AR149: =iferror(AC149/$M149,"-") -> - | AS149: =iferror(AF149/M149,"-") -> - | AT149: =AI149 -> -
B150: 147 | C150: =if(D150=D149,C149+1,1) -> 3 | L150: =SUMIFS('3월 단양 개인별 STAT'!L:L, '3월 단양 개인별 STAT'!$D:$D, $D150, '3월 단양 개인별 STAT'!$E:$E, $E150) + SUMIFS('4월 삼척 개인별 STAT'!L:L, '4월 삼척 개인별 STAT'!$D:$D, $D150, '4월 삼척 개인별 STAT'!$E:$E, $E150) -> 0 | M150: =SUMIFS('3월 단양 개인별 STAT'!M:M, '3월 단양 개인별 STAT'!$D:$D, $D150, '3월 단양 개인별 STAT'!$E:$E, $E150) + SUMIFS('4월 삼척 개인별 STAT'!M:M, '4월 삼척 개인별 STAT'!$D:$D, $D150, '4월 삼척 개인별 STAT'!$E:$E, $E150) -> 0 | N150: =SUMIFS('3월 단양 개인별 STAT'!N:N, '3월 단양 개인별 STAT'!$D:$D, $D150, '3월 단양 개인별 STAT'!$E:$E, $E150) + SUMIFS('4월 삼척 개인별 STAT'!N:N, '4월 삼척 개인별 STAT'!$D:$D, $D150, '4월 삼척 개인별 STAT'!$E:$E, $E150) -> 0 | O150: =SUMIFS('3월 단양 개인별 STAT'!O:O, '3월 단양 개인별 STAT'!$D:$D, $D150, '3월 단양 개인별 STAT'!$E:$E, $E150) + SUMIFS('4월 삼척 개인별 STAT'!O:O, '4월 삼척 개인별 STAT'!$D:$D, $D150, '4월 삼척 개인별 STAT'!$E:$E, $E150) -> 0 | P150: =SUMIFS('3월 단양 개인별 STAT'!P:P, '3월 단양 개인별 STAT'!$D:$D, $D150, '3월 단양 개인별 STAT'!$E:$E, $E150) + SUMIFS('4월 삼척 개인별 STAT'!P:P, '4월 삼척 개인별 STAT'!$D:$D, $D150, '4월 삼척 개인별 STAT'!$E:$E, $E150) -> 0 | Q150: =SUMIFS('3월 단양 개인별 STAT'!Q:Q, '3월 단양 개인별 STAT'!$D:$D, $D150, '3월 단양 개인별 STAT'!$E:$E, $E150) + SUMIFS('4월 삼척 개인별 STAT'!Q:Q, '4월 삼척 개인별 STAT'!$D:$D, $D150, '4월 삼척 개인별 STAT'!$E:$E, $E150) -> 0 | R150: =if(Q150+P150+N150=0,"-",Q150+P150+N150) -> - | S150: =if(iferror((N150-Q150)/R150,0)=0,"-",round((N150-Q150)/R150,2)) -> - | Z150: =IF(Y150+X150+W150=0,"-",Y150+X150+W150) -> - | AB150: =if((T150+X150+N150)=0, "-",T150+X150+N150) -> - | AC150: =N150+T150+X150+(V150*0.75) -> 0 | AD150: =IF(AE150+AF150=0,"-",AE150+AF150) -> - | AE150: =SUMIFS('3월 단양 개인별 STAT'!AE:AE, '3월 단양 개인별 STAT'!$D:$D, $D150, '3월 단양 개인별 STAT'!$E:$E, $E150) + SUMIFS('4월 삼척 개인별 STAT'!AE:AE, '4월 삼척 개인별 STAT'!$D:$D, $D150, '4월 삼척 개인별 STAT'!$E:$E, $E150) -> 0 | AF150: =SUMIFS('3월 단양 개인별 STAT'!AF:AF, '3월 단양 개인별 STAT'!$D:$D, $D150, '3월 단양 개인별 STAT'!$E:$E, $E150) + SUMIFS('4월 삼척 개인별 STAT'!AF:AF, '4월 삼척 개인별 STAT'!$D:$D, $D150, '4월 삼척 개인별 STAT'!$E:$E, $E150) -> 0 | AG150: =iferror((AE150/AD150)*100,"-") -> - | AH150: =SUMIFS('3월 단양 개인별 STAT'!AH:AH, '3월 단양 개인별 STAT'!$D:$D, $D150, '3월 단양 개인별 STAT'!$E:$E, $E150) + SUMIFS('4월 삼척 개인별 STAT'!AH:AH, '4월 삼척 개인별 STAT'!$D:$D, $D150, '4월 삼척 개인별 STAT'!$E:$E, $E150) -> 0 | AI150: =IFERROR(IF(MOD(AH150/M150, 1)=0, TEXT(AH150/M150, "0"), TEXT(AH150/M150, "0.00")), "-") -> - | AL150: =iferror(N150/$M150,"-") -> - | AM150: =iferror(R150/$M150,"-") -> - | AN150: =iferror(N150/R150,"-") -> - | AO150: =iferror(T150/$M150,"-") -> - | AP150: =iferror(X150/$M150,"-") -> - | AQ150: =iferror(AB150/$M150,"-") -> - | AR150: =iferror(AC150/$M150,"-") -> - | AS150: =iferror(AF150/M150,"-") -> - | AT150: =AI150 -> -
B151: 148 | C151: =if(D151=D150,C150+1,1) -> 4 | R151: =if(Q151+P151+N151=0,"-",Q151+P151+N151) -> - | S151: =if(iferror((N151-Q151)/R151,0)=0,"-",round((N151-Q151)/R151,2)) -> - | Z151: =IF(Y151+X151+W151=0,"-",Y151+X151+W151) -> - | AB151: =if((T151+X151+N151)=0, "-",T151+X151+N151) -> - | AC151: =N151+T151+X151+(V151*0.75) -> 0 | AD151: =IF(AE151+AF151=0,"-",AE151+AF151) -> - | AE151: =SUMIFS('3월 단양 개인별 STAT'!AE:AE, '3월 단양 개인별 STAT'!$D:$D, $D151, '3월 단양 개인별 STAT'!$E:$E, $E151) + SUMIFS('4월 삼척 개인별 STAT'!AE:AE, '4월 삼척 개인별 STAT'!$D:$D, $D151, '4월 삼척 개인별 STAT'!$E:$E, $E151) -> 0 | AF151: =SUMIFS('3월 단양 개인별 STAT'!AF:AF, '3월 단양 개인별 STAT'!$D:$D, $D151, '3월 단양 개인별 STAT'!$E:$E, $E151) + SUMIFS('4월 삼척 개인별 STAT'!AF:AF, '4월 삼척 개인별 STAT'!$D:$D, $D151, '4월 삼척 개인별 STAT'!$E:$E, $E151) -> 0 | AG151: =iferror((AE151/AD151)*100,"-") -> - | AH151: =SUMIFS('3월 단양 개인별 STAT'!AH:AH, '3월 단양 개인별 STAT'!$D:$D, $D151, '3월 단양 개인별 STAT'!$E:$E, $E151) + SUMIFS('4월 삼척 개인별 STAT'!AH:AH, '4월 삼척 개인별 STAT'!$D:$D, $D151, '4월 삼척 개인별 STAT'!$E:$E, $E151) -> 0 | AI151: =IFERROR(IF(MOD(AH151/M151, 1)=0, TEXT(AH151/M151, "0"), TEXT(AH151/M151, "0.00")), "-") -> - | AL151: =iferror(N151/$M151,"-") -> - | AM151: =iferror(R151/$M151,"-") -> - | AN151: =iferror(N151/R151,"-") -> - | AO151: =iferror(T151/$M151,"-") -> - | AP151: =iferror(X151/$M151,"-") -> - | AQ151: =iferror(AB151/$M151,"-") -> - | AR151: =iferror(AC151/$M151,"-") -> - | AS151: =iferror(AF151/M151,"-") -> - | AT151: =AI151 -> -
D152: 소 계 | L152: =SUM(L4:L151) -> 487 | M152: =SUM(M4:M151) -> 1497 | N152: =SUM(N4:N151) -> 2032 | O152: =SUM(O4:O151) -> 1900 | P152: =SUM(P4:P151) -> 2486 | Q152: =SUM(Q4:Q151) -> 834 | R152: =if(Q152+P152+N152=0,"-",Q152+P152+N152) -> 5352 | S152: =if(iferror((N152-Q152)/R152,0)=0,"-",round((N152-Q152)/R152,2)) -> 0.22 | T152: =SUM(T4:T151) -> 258 | U152: =SUM(U4:U151) -> 31 | V152: =SUM(V4:V151) -> 187 | W152: =SUM(W4:W151) -> 2968 | X152: =SUM(X4:X151) -> 302 | Y152: =SUM(Y4:Y151) -> 392 | Z152: =IF(Y152+X152+W152=0,"-",Y152+X152+W152) -> 3662 | AA152: =SUM(AA4:AA151) -> 102 | AB152: =if((T152+X152+N152)=0, "-",T152+X152+N152) -> 2592 | AC152: =N152+T152+X152+(V152*0.75) -> 2732.25 | AD152: =IF(AE152+AF152=0,"-",AE152+AF152) -> 3403 | AE152: =SUM(AE4:AE151) -> 2996 | AF152: =SUM(AF4:AF151) -> 407 | AG152: =iferror((AE152/AD152)*100,"-") -> 88.039965 | AH152: =SUM(AH4:AH151) -> 2164 | AI152: =IFERROR(IF(MOD(AH152/M152, 1)=0, TEXT(AH152/M152, "0"), TEXT(AH152/M152, "0.00")), "-") -> 1.45 | AL152: =iferror(N152/$M152,"-") -> 1.3573814 | AM152: =iferror(R152/$M152,"-") -> 3.5751503 | AN152: =iferror(N152/R152,"-") -> 0.37967115 | AO152: =iferror(T152/$M152,"-") -> 0.17234469 | AP152: =iferror(X152/$M152,"-") -> 0.20173681 | AQ152: =iferror(AB152/$M152,"-") -> 1.7314629 | AR152: =iferror(AC152/$M152,"-") -> 1.8251503 | AS152: =iferror(AF152/M152,"-") -> 0.27187709 | AT152: =AI152 -> 1.45

Sheet 3월 단양 개인별 STAT
B1: 2026 한국중고배구 춘계연맹전 단양대회 여고부 개인별 데이터
C2: 2026년 3월 단양 대회 | AL2: 개인별 평가 지수
B3: No | D3: Team | E3: Name | F3: Grade 학년 | G3: Position 1 포지션1 | H3: Position 2 포지션2 | I3: Height (cm) | J3: Weight (kg) | K3: # Jersey 등번호 | L3: Match Played 경기 수 | M3: Set Played 경기 Set수 | N3: Kills ① 공격 성공 | O3: Kills Assist ② 어시스트 | P3: Attack ③ 공 격 | Q3: Attack Errors 공격실패 ④ | R3: Total Attack ①+③+④ 공격 합계 | S3: Hit % (①-④) / TA 공격 효율 | T3: Blocks ⑤ 블로킹 성공 | U3: Block Errors 블로킹 실패 ⑥ | V3: Block Assist 블로킹 도움 ⑦ | W3: Serve ⑧ 서 브 | X3: Serve Aces 서브 에이스 ⑨ | Y3: Serve Errors 서브 실패 ⑩ | Z3: Total Serve ⑧+⑨+⑩ 서브 합계 | AA3: Ball Handling Errors ⑪ 볼처리 실패 | AB3: Total Points ①+⑤+⑨ 득점 합계 | AC3: Player Score ①+⑤+⑨+⑦x75% 공격 지수 | AD3: Receive Att. 리시브 합계 ⑫+⑬ | AE3: Receive Successes ⑫ 리시브 성공 | AF3: Receive Failures ⑬ 리시브 실패 | AG3: Rcv Suc Rate (%) | AH3: Digs ⑭ 디그 | AI3: Digs / Set 디그수/세트 | AL3: Kills / Set 공격득점 | AM3: Total Attack / Set 공격횟수/세트 | AN3: Hit % 공격성공율 | AO3: Blocks / Set 블로킹득점/세트 | AP3: Serve Aces / Set | AQ3: Total Points / Set | AR3: Player Score / Set 공격지수 | AS3: 리시브 실패 /세트 | AT3: Dig / Set
B4: 1 | C4: =if(D4=D3,C3+1,1) -> 1 | D4: 선명여고 | E4: 곽도연 | F4: 3 | G4: MB | H4: - | I4: 182 | J4: 65 | K4: 1 | L4: 2 | M4: 7 | N4: 5 | O4: 0 | P4: 5 | Q4: 4 | R4: =if(Q4+P4+N4=0,"-",Q4+P4+N4) -> 14 | S4: =if(iferror((N4-Q4)/R4,0)=0,"-",round((N4-Q4)/R4,2)) -> 0.07 | T4: 3 | U4: 0 | V4: 0 | W4: 30 | X4: 1 | Y4: 0 | Z4: =IF(Y4+X4+W4=0,"-",Y4+X4+W4) -> 31 | AA4: 0 | AB4: =if((T4+X4+N4)=0, "-",T4+X4+N4) -> 9 | AC4: =N4+T4+X4+(V4*0.75) -> 9 | AD4: =IF(AE4+AF4=0,"-",AE4+AF4) -> 2 | AE4: 2 | AF4: 0 | AG4: =iferror((AE4/AD4)*100,"-") -> 100 | AH4: 3 | AI4: =IFERROR(IF(MOD(AH4/M4, 1)=0, TEXT(AH4/M4, "0"), TEXT(AH4/M4, "0.00")), "-") -> 0.43 | AL4: =iferror(N4/$M4,"-") -> 0.71428571 | AM4: =iferror(R4/$M4,"-") -> 2 | AN4: =iferror(N4/R4,"-") -> 0.35714286 | AO4: =iferror(T4/$M4,"-") -> 0.42857143 | AP4: =iferror(X4/$M4,"-") -> 0.14285714 | AQ4: =iferror(AB4/$M4,"-") -> 1.2857143 | AR4: =iferror(AC4/$M4,"-") -> 1.2857143 | AS4: =iferror(AF4/M4,"-") -> 0 | AT4: =AI4 -> 0.43
B5: 2 | C5: =if(D5=D4,C4+1,1) -> 2 | D5: 선명여고 | E5: 나민지 | F5: 3 | G5: Li | H5: - | I5: 161 | J5: 59 | K5: 3 | L5: 2 | M5: 7 | N5: 0 | O5: 4 | P5: 0 | Q5: 0 | R5: =if(Q5+P5+N5=0,"-",Q5+P5+N5) -> - | S5: =if(iferror((N5-Q5)/R5,0)=0,"-",round((N5-Q5)/R5,2)) -> - | T5: 0 | U5: 0 | V5: 0 | W5: 0 | X5: 0 | Y5: 0 | Z5: =IF(Y5+X5+W5=0,"-",Y5+X5+W5) -> - | AA5: 0 | AB5: =if((T5+X5+N5)=0, "-",T5+X5+N5) -> - | AC5: =N5+T5+X5+(V5*0.75) -> 0 | AD5: =IF(AE5+AF5=0,"-",AE5+AF5) -> 42 | AE5: 39 | AF5: 3 | AG5: =iferror((AE5/AD5)*100,"-") -> 92.857143 | AH5: 18 | AI5: =IFERROR(IF(MOD(AH5/M5, 1)=0, TEXT(AH5/M5, "0"), TEXT(AH5/M5, "0.00")), "-") -> 2.57 | AL5: =iferror(N5/$M5,"-") -> 0 | AM5: =iferror(R5/$M5,"-") -> - | AN5: =iferror(N5/R5,"-") -> - | AO5: =iferror(T5/$M5,"-") -> 0 | AP5: =iferror(X5/$M5,"-") -> 0 | AQ5: =iferror(AB5/$M5,"-") -> - | AR5: =iferror(AC5/$M5,"-") -> 0 | AS5: =iferror(AF5/M5,"-") -> 0.42857143 | AT5: =AI5 -> 2.57
B6: 3 | C6: =if(D6=D5,C5+1,1) -> 3 | D6: 선명여고 | E6: 오해솔 | F6: 3 | G6: OH | H6: - | I6: 183 | J6: 66 | K6: 5 | L6: 1 | M6: 1 | N6: 0 | O6: 0 | P6: 0 | Q6: 0 | R6: =if(Q6+P6+N6=0,"-",Q6+P6+N6) -> - | S6: =if(iferror((N6-Q6)/R6,0)=0,"-",round((N6-Q6)/R6,2)) -> - | T6: 0 | U6: 0 | V6: 0 | W6: 2 | X6: 0 | Y6: 0 | Z6: =IF(Y6+X6+W6=0,"-",Y6+X6+W6) -> 2 | AA6: 0 | AB6: =if((T6+X6+N6)=0, "-",T6+X6+N6) -> - | AC6: =N6+T6+X6+(V6*0.75) -> 0 | AD6: =IF(AE6+AF6=0,"-",AE6+AF6) -> 2 | AE6: 2 | AF6: 0 | AG6: =iferror((AE6/AD6)*100,"-") -> 100 | AH6: 0 | AI6: =IFERROR(IF(MOD(AH6/M6, 1)=0, TEXT(AH6/M6, "0"), TEXT(AH6/M6, "0.00")), "-") -> 0 | AL6: =iferror(N6/$M6,"-") -> 0 | AM6: =iferror(R6/$M6,"-") -> - | AN6: =iferror(N6/R6,"-") -> - | AO6: =iferror(T6/$M6,"-") -> 0 | AP6: =iferror(X6/$M6,"-") -> 0 | AQ6: =iferror(AB6/$M6,"-") -> - | AR6: =iferror(AC6/$M6,"-") -> 0 | AS6: =iferror(AF6/M6,"-") -> 0 | AT6: =AI6 -> 0
B7: 4 | C7: =if(D7=D6,C6+1,1) -> 4 | D7: 선명여고 | E7: 최윤겸 | F7: 2 | G7: S | H7: - | I7: 167 | J7: 60 | K7: 7 | L7: 2 | M7: 7 | N7: 0 | O7: 1 | P7: 0 | Q7: 0 | R7: =if(Q7+P7+N7=0,"-",Q7+P7+N7) -> - | S7: =if(iferror((N7-Q7)/R7,0)=0,"-",round((N7-Q7)/R7,2)) -> - | T7: 0 | U7: 0 | V7: 0 | W7: 4 | X7: 2 | Y7: 3 | Z7: =IF(Y7+X7+W7=0,"-",Y7+X7+W7) -> 9 | AA7: 0 | AB7: =if((T7+X7+N7)=0, "-",T7+X7+N7) -> 2 | AC7: =N7+T7+X7+(V7*0.75) -> 2 | AD7: =IF(AE7+AF7=0,"-",AE7+AF7) -> 1 | AE7: 1 | AF7: 0 | AG7: =iferror((AE7/AD7)*100,"-") -> 100 | AH7: 0 | AI7: =IFERROR(IF(MOD(AH7/M7, 1)=0, TEXT(AH7/M7, "0"), TEXT(AH7/M7, "0.00")), "-") -> 0 | AL7: =iferror(N7/$M7,"-") -> 0 | AM7: =iferror(R7/$M7,"-") -> - | AN7: =iferror(N7/R7,"-") -> - | AO7: =iferror(T7/$M7,"-") -> 0 | AP7: =iferror(X7/$M7,"-") -> 0.28571429 | AQ7: =iferror(AB7/$M7,"-") -> 0.28571429 | AR7: =iferror(AC7/$M7,"-") -> 0.28571429 | AS7: =iferror(AF7/M7,"-") -> 0 | AT7: =AI7 -> 0
B8: 5 | C8: =if(D8=D7,C7+1,1) -> 5 | D8: 선명여고 | E8: 김예은 | F8: 2 | G8: OH | H8: - | I8: 168 | J8: 64 | K8: 8 | L8: 2 | M8: 6 | N8: 0 | O8: 0 | P8: 0 | Q8: 0 | R8: =if(Q8+P8+N8=0,"-",Q8+P8+N8) -> - | S8: =if(iferror((N8-Q8)/R8,0)=0,"-",round((N8-Q8)/R8,2)) -> - | T8: 0 | U8: 0 | V8: 0 | W8: 12 | X8: 1 | Y8: 0 | Z8: =IF(Y8+X8+W8=0,"-",Y8+X8+W8) -> 13 | AA8: 0 | AB8: =if((T8+X8+N8)=0, "-",T8+X8+N8) -> 1 | AC8: =N8+T8+X8+(V8*0.75) -> 1 | AD8: =IF(AE8+AF8=0,"-",AE8+AF8) -> 9 | AE8: 8 | AF8: 1 | AG8: =iferror((AE8/AD8)*100,"-") -> 88.888889 | AH8: 5 | AI8: =IFERROR(IF(MOD(AH8/M8, 1)=0, TEXT(AH8/M8, "0"), TEXT(AH8/M8, "0.00")), "-") -> 0.83 | AL8: =iferror(N8/$M8,"-") -> 0 | AM8: =iferror(R8/$M8,"-") -> - | AN8: =iferror(N8/R8,"-") -> - | AO8: =iferror(T8/$M8,"-") -> 0 | AP8: =iferror(X8/$M8,"-") -> 0.16666667 | AQ8: =iferror(AB8/$M8,"-") -> 0.16666667 | AR8: =iferror(AC8/$M8,"-") -> 0.16666667 | AS8: =iferror(AF8/M8,"-") -> 0.16666667 | AT8: =AI8 -> 0.83
B9: 6 | C9: =if(D9=D8,C8+1,1) -> 6 | D9: 선명여고 | E9: 김예서 | F9: 3 | G9: OP | H9: - | I9: 181 | J9: 67 | K9: 9 | L9: 2 | M9: 4 | N9: 0 | O9: 0 | P9: 0 | Q9: 0 | R9: =if(Q9+P9+N9=0,"-",Q9+P9+N9) -> - | S9: =if(iferror((N9-Q9)/R9,0)=0,"-",round((N9-Q9)/R9,2)) -> - | T9: 0 | U9: 0 | V9: 0 | W9: 6 | X9: 3 | Y9: 1 | Z9: =IF(Y9+X9+W9=0,"-",Y9+X9+W9) -> 10 | AA9: 0 | AB9: =if((T9+X9+N9)=0, "-",T9+X9+N9) -> 3 | AC9: =N9+T9+X9+(V9*0.75) -> 3 | AD9: =IF(AE9+AF9=0,"-",AE9+AF9) -> 1 | AE9: 1 | AF9: 0 | AG9: =iferror((AE9/AD9)*100,"-") -> 100 | AH9: 0 | AI9: =IFERROR(IF(MOD(AH9/M9, 1)=0, TEXT(AH9/M9, "0"), TEXT(AH9/M9, "0.00")), "-") -> 0 | AL9: =iferror(N9/$M9,"-") -> 0 | AM9: =iferror(R9/$M9,"-") -> - | AN9: =iferror(N9/R9,"-") -> - | AO9: =iferror(T9/$M9,"-") -> 0 | AP9: =iferror(X9/$M9,"-") -> 0.75 | AQ9: =iferror(AB9/$M9,"-") -> 0.75 | AR9: =iferror(AC9/$M9,"-") -> 0.75 | AS9: =iferror(AF9/M9,"-") -> 0 | AT9: =AI9 -> 0
B10: 7 | C10: =if(D10=D9,C9+1,1) -> 7 | D10: 선명여고 | E10: 유정인 | F10: 2 | G10: MB | H10: - | I10: 183 | J10: 65 | K10: 10 | L10: 1 | M10: 3 | N10: 8 | O10: 0 | P10: 3 | Q10: 1 | R10: =if(Q10+P10+N10=0,"-",Q10+P10+N10) -> 12 | S10: =if(iferror((N10-Q10)/R10,0)=0,"-",round((N10-Q10)/R10,2)) -> 0.58 | T10: 1 | U10: 0 | V10: 0 | W10: 2 | X10: 0 | Y10: 0 | Z10: =IF(Y10+X10+W10=0,"-",Y10+X10+W10) -> 2 | AA10: 0 | AB10: =if((T10+X10+N10)=0, "-",T10+X10+N10) -> 9 | AC10: =N10+T10+X10+(V10*0.75) -> 9 | AD10: =IF(AE10+AF10=0,"-",AE10+AF10) -> - | AE10: 0 | AF10: 0 | AG10: =iferror((AE10/AD10)*100,"-") -> - | AH10: 1 | AI10: =IFERROR(IF(MOD(AH10/M10, 1)=0, TEXT(AH10/M10, "0"), TEXT(AH10/M10, "0.00")), "-") -> 0.33 | AL10: =iferror(N10/$M10,"-") -> 2.6666667 | AM10: =iferror(R10/$M10,"-") -> 4 | AN10: =iferror(N10/R10,"-") -> 0.66666667 | AO10: =iferror(T10/$M10,"-") -> 0.33333333 | AP10: =iferror(X10/$M10,"-") -> 0 | AQ10: =iferror(AB10/$M10,"-") -> 3 | AR10: =iferror(AC10/$M10,"-") -> 3 | AS10: =iferror(AF10/M10,"-") -> 0 | AT10: =AI10 -> 0.33
B11: 8 | C11: =if(D11=D10,C10+1,1) -> 8 | D11: 선명여고 | E11: 이서인 | F11: 1 | G11: S | H11: - | I11: 178 | J11: 64 | K11: 11 | L11: 1 | M11: 2 | N11: 0 | O11: 17 | P11: 2 | Q11: 1 | R11: =if(Q11+P11+N11=0,"-",Q11+P11+N11) -> 3 | S11: =if(iferror((N11-Q11)/R11,0)=0,"-",round((N11-Q11)/R11,2)) -> -0.33 | T11: 0 | U11: 0 | V11: 0 | W11: 3 | X11: 0 | Y11: 1 | Z11: =IF(Y11+X11+W11=0,"-",Y11+X11+W11) -> 4 | AA11: 1 | AB11: =if((T11+X11+N11)=0, "-",T11+X11+N11) -> - | AC11: =N11+T11+X11+(V11*0.75) -> 0 | AD11: =IF(AE11+AF11=0,"-",AE11+AF11) -> 2 | AE11: 1 | AF11: 1 | AG11: =iferror((AE11/AD11)*100,"-") -> 50 | AH11: 4 | AI11: =IFERROR(IF(MOD(AH11/M11, 1)=0, TEXT(AH11/M11, "0"), TEXT(AH11/M11, "0.00")), "-") -> 2 | AL11: =iferror(N11/$M11,"-") -> 0 | AM11: =iferror(R11/$M11,"-") -> 1.5 | AN11: =iferror(N11/R11,"-") -> 0 | AO11: =iferror(T11/$M11,"-") -> 0 | AP11: =iferror(X11/$M11,"-") -> 0 | AQ11: =iferror(AB11/$M11,"-") -> - | AR11: =iferror(AC11/$M11,"-") -> 0 | AS11: =iferror(AF11/M11,"-") -> 0.5 | AT11: =AI11 -> 2
B12: 9 | C12: =if(D12=D11,C11+1,1) -> 9 | D12: 선명여고 | E12: 박은빈 | F12: 3 | G12: OH | H12: - | I12: 182 | J12: 67 | K12: 12 | L12: 2 | M12: 7 | N12: 32 | O12: 2 | P12: 34 | Q12: 13 | R12: =if(Q12+P12+N12=0,"-",Q12+P12+N12) -> 79 | S12: =if(iferror((N12-Q12)/R12,0)=0,"-",round((N12-Q12)/R12,2)) -> 0.24 | T12: 2 | U12: 1 | V12: 0 | W12: 18 | X12: 1 | Y12: 2 | Z12: =IF(Y12+X12+W12=0,"-",Y12+X12+W12) -> 21 | AA12: 0 | AB12: =if((T12+X12+N12)=0, "-",T12+X12+N12) -> 35 | AC12: =N12+T12+X12+(V12*0.75) -> 35 | AD12: =IF(AE12+AF12=0,"-",AE12+AF12) -> 26 | AE12: 23 | AF12: 3 | AG12: =iferror((AE12/AD12)*100,"-") -> 88.461538 | AH12: 11 | AI12: =IFERROR(IF(MOD(AH12/M12, 1)=0, TEXT(AH12/M12, "0"), TEXT(AH12/M12, "0.00")), "-") -> 1.57 | AL12: =iferror(N12/$M12,"-") -> 4.5714286 | AM12: =iferror(R12/$M12,"-") -> 11.285714 | AN12: =iferror(N12/R12,"-") -> 0.40506329 | AO12: =iferror(T12/$M12,"-") -> 0.28571429 | AP12: =iferror(X12/$M12,"-") -> 0.14285714 | AQ12: =iferror(AB12/$M12,"-") -> 5 | AR12: =iferror(AC12/$M12,"-") -> 5 | AS12: =iferror(AF12/M12,"-") -> 0.42857143 | AT12: =AI12 -> 1.57
B13: 10 | C13: =if(D13=D12,C12+1,1) -> 10 | D13: 선명여고 | E13: 김태경 | F13: 2 | G13: OP | H13: MB | I13: 184 | J13: 68 | K13: 13 | L13: 2 | M13: 7 | N13: 12 | O13: 1 | P13: 14 | Q13: 3 | R13: =if(Q13+P13+N13=0,"-",Q13+P13+N13) -> 29 | S13: =if(iferror((N13-Q13)/R13,0)=0,"-",round((N13-Q13)/R13,2)) -> 0.31 | T13: 2 | U13: 0 | V13: 0 | W13: 6 | X13: 0 | Y13: 5 | Z13: =IF(Y13+X13+W13=0,"-",Y13+X13+W13) -> 11 | AA13: 1 | AB13: =if((T13+X13+N13)=0, "-",T13+X13+N13) -> 14 | AC13: =N13+T13+X13+(V13*0.75) -> 14 | AD13: =IF(AE13+AF13=0,"-",AE13+AF13) -> 5 | AE13: 4 | AF13: 1 | AG13: =iferror((AE13/AD13)*100,"-") -> 80 | AH13: 7 | AI13: =IFERROR(IF(MOD(AH13/M13, 1)=0, TEXT(AH13/M13, "0"), TEXT(AH13/M13, "0.00")), "-") -> 1 | AL13: =iferror(N13/$M13,"-") -> 1.7142857 | AM13: =iferror(R13/$M13,"-") -> 4.1428571 | AN13: =iferror(N13/R13,"-") -> 0.4137931 | AO13: =iferror(T13/$M13,"-") -> 0.28571429 | AP13: =iferror(X13/$M13,"-") -> 0 | AQ13: =iferror(AB13/$M13,"-") -> 2 | AR13: =iferror(AC13/$M13,"-") -> 2 | AS13: =iferror(AF13/M13,"-") -> 0.14285714 | AT13: =AI13 -> 1
B14: 11 | C14: =if(D14=D13,C13+1,1) -> 11 | D14: 선명여고 | E14: 정세희 | F14: 3 | G14: S | H14: - | I14: 174 | J14: 60 | K14: 14 | L14: 2 | M14: 6 | N14: 1 | O14: 55 | P14: 2 | Q14: 0 | R14: =if(Q14+P14+N14=0,"-",Q14+P14+N14) -> 3 | S14: =if(iferror((N14-Q14)/R14,0)=0,"-",round((N14-Q14)/R14,2)) -> 0.33 | T14: 0 | U14: 0 | V14: 0 | W14: 32 | X14: 1 | Y14: 2 | Z14: =IF(Y14+X14+W14=0,"-",Y14+X14+W14) -> 35 | AA14: 0 | AB14: =if((T14+X14+N14)=0, "-",T14+X14+N14) -> 2 | AC14: =N14+T14+X14+(V14*0.75) -> 2 | AD14: =IF(AE14+AF14=0,"-",AE14+AF14) -> - | AE14: 0 | AF14: 0 | AG14: =iferror((AE14/AD14)*100,"-") -> - | AH14: 5 | AI14: =IFERROR(IF(MOD(AH14/M14, 1)=0, TEXT(AH14/M14, "0"), TEXT(AH14/M14, "0.00")), "-") -> 0.83 | AL14: =iferror(N14/$M14,"-") -> 0.16666667 | AM14: =iferror(R14/$M14,"-") -> 0.5 | AN14: =iferror(N14/R14,"-") -> 0.33333333 | AO14: =iferror(T14/$M14,"-") -> 0 | AP14: =iferror(X14/$M14,"-") -> 0.16666667 | AQ14: =iferror(AB14/$M14,"-") -> 0.33333333 | AR14: =iferror(AC14/$M14,"-") -> 0.33333333 | AS14: =iferror(AF14/M14,"-") -> 0 | AT14: =AI14 -> 0.83
B15: 12 | C15: =if(D15=D14,C14+1,1) -> 12 | D15: 선명여고 | E15: 손서연 | F15: 1 | G15: OH | H15: - | I15: 183 | J15: 67 | K15: 17 | L15: 2 | M15: 7 | N15: 31 | O15: 1 | P15: 35 | Q15: 11 | R15: =if(Q15+P15+N15=0,"-",Q15+P15+N15) -> 77 | S15: =if(iferror((N15-Q15)/R15,0)=0,"-",round((N15-Q15)/R15,2)) -> 0.26 | T15: 6 | U15: 1 | V15: 0 | W15: 22 | X15: 1 | Y15: 4 | Z15: =IF(Y15+X15+W15=0,"-",Y15+X15+W15) -> 27 | AA15: 0 | AB15: =if((T15+X15+N15)=0, "-",T15+X15+N15) -> 38 | AC15: =N15+T15+X15+(V15*0.75) -> 38 | AD15: =IF(AE15+AF15=0,"-",AE15+AF15) -> 54 | AE15: 50 | AF15: 4 | AG15: =iferror((AE15/AD15)*100,"-") -> 92.592593 | AH15: 17 | AI15: =IFERROR(IF(MOD(AH15/M15, 1)=0, TEXT(AH15/M15, "0"), TEXT(AH15/M15, "0.00")), "-") -> 2.43 | AL15: =iferror(N15/$M15,"-") -> 4.4285714 | AM15: =iferror(R15/$M15,"-") -> 11 | AN15: =iferror(N15/R15,"-") -> 0.4025974 | AO15: =iferror(T15/$M15,"-") -> 0.85714286 | AP15: =iferror(X15/$M15,"-") -> 0.14285714 | AQ15: =iferror(AB15/$M15,"-") -> 5.4285714 | AR15: =iferror(AC15/$M15,"-") -> 5.4285714 | AS15: =iferror(AF15/M15,"-") -> 0.57142857 | AT15: =AI15 -> 2.43
... B114: 111 | C114: =if(D114=D113,C113+1,1) -> 9 | D114: 제천여고 | E114: 박소진 | F114: 1 | G114: OH | H114: OP | I114: 168 | J114: 53 | K114: 12 | L114: 1 | M114: 1 | N114: 0 | O114: 0 | P114: 0 | Q114: 0 | R114: =if(Q114+P114+N114=0,"-",Q114+P114+N114) -> - | S114: =if(iferror((N114-Q114)/R114,0)=0,"-",round((N114-Q114)/R114,2)) -> - | T114: 0 | U114: 0 | V114: 0 | W114: 1 | X114: 0 | Y114: 0 | Z114: =IF(Y114+X114+W114=0,"-",Y114+X114+W114) -> 1 | AA114: 0 | AB114: =if((T114+X114+N114)=0, "-",T114+X114+N114) -> - | AC114: =N114+T114+X114+(V114*0.75) -> 0 | AD114: =IF(AE114+AF114=0,"-",AE114+AF114) -> - | AE114: 0 | AF114: 0 | AG114: =iferror((AE114/AD114)*100,"-") -> - | AH114: 0 | AI114: =IFERROR(IF(MOD(AH114/M114, 1)=0, TEXT(AH114/M114, "0"), TEXT(AH114/M114, "0.00")), "-") -> 0 | AL114: =iferror(N114/$M114,"-") -> 0 | AM114: =iferror(R114/$M114,"-") -> - | AN114: =iferror(N114/R114,"-") -> - | AO114: =iferror(T114/$M114,"-") -> 0 | AP114: =iferror(X114/$M114,"-") -> 0 | AQ114: =iferror(AB114/$M114,"-") -> - | AR114: =iferror(AC114/$M114,"-") -> 0 | AS114: =iferror(AF114/M114,"-") -> 0 | AT114: =AI114 -> 0
B115: 112 | R115: =if(Q115+P115+N115=0,"-",Q115+P115+N115) -> - | S115: =if(iferror((N115-Q115)/R115,0)=0,"-",round((N115-Q115)/R115,2)) -> - | Z115: =IF(Y115+X115+W115=0,"-",Y115+X115+W115) -> - | AB115: =if((T115+X115+N115)=0, "-",T115+X115+N115) -> - | AC115: =N115+T115+X115+(V115*0.75) -> 0 | AD115: =IF(AE115+AF115=0,"-",AE115+AF115) -> - | AG115: =iferror((AE115/AD115)*100,"-") -> - | AI115: =IFERROR(IF(MOD(AH115/M115, 1)=0, TEXT(AH115/M115, "0"), TEXT(AH115/M115, "0.00")), "-") -> - | AL115: =iferror(N115/$M115,"-") -> - | AM115: =iferror(R115/$M115,"-") -> - | AN115: =iferror(N115/R115,"-") -> - | AO115: =iferror(T115/$M115,"-") -> - | AP115: =iferror(X115/$M115,"-") -> - | AQ115: =iferror(AB115/$M115,"-") -> - | AR115: =iferror(AC115/$M115,"-") -> - | AS115: =iferror(AF115/M115,"-") -> - | AT115: =AI115 -> -
D116: 소 계 | L116: =SUM(L4:L115) -> 254 | M116: =SUM(M4:M115) -> 786 | N116: =SUM(N4:N115) -> 1042 | O116: =SUM(O4:O115) -> 958 | P116: =SUM(P4:P115) -> 1283 | Q116: =SUM(Q4:Q115) -> 478 | R116: =if(Q116+P116+N116=0,"-",Q116+P116+N116) -> 2803 | S116: =if(iferror((N116-Q116)/R116,0)=0,"-",round((N116-Q116)/R116,2)) -> 0.2 | T116: =SUM(T4:T115) -> 162 | U116: =SUM(U4:U115) -> 18 | V116: =SUM(V4:V115) -> 119 | W116: =SUM(W4:W115) -> 1572 | X116: =SUM(X4:X115) -> 152 | Y116: =SUM(Y4:Y115) -> 210 | Z116: =IF(Y116+X116+W116=0,"-",Y116+X116+W116) -> 1934 | AA116: =SUM(AA4:AA115) -> 53 | AB116: =if((T116+X116+N116)=0, "-",T116+X116+N116) -> 1356 | AC116: =N116+T116+X116+(V116*0.75) -> 1445.25 | AD116: =IF(AE116+AF116=0,"-",AE116+AF116) -> 1776 | AE116: =SUM(AE4:AE115) -> 1572 | AF116: =SUM(AF4:AF115) -> 204 | AG116: =iferror((AE116/AD116)*100,"-") -> 88.513514 | AH116: =SUM(AH4:AH115) -> 1094 | AI116: =IFERROR(IF(MOD(AH116/M116, 1)=0, TEXT(AH116/M116, "0"), TEXT(AH116/M116, "0.00")), "-") -> 1.39

Sheet 4월 삼척 개인별 STAT
B1: 2026 한국중고배구연맹전 삼척대회 여고부 개인별 데이터
C2: 2026년 4월 삼척 대회 | AL2: 개인별 평가 지수
B3: No | D3: Team | E3: Name | F3: Grade 학년 | G3: Position 1 포지션1 | H3: Position 2 포지션2 | I3: Height (cm) | J3: Weight (kg) | K3: # Jersey 등번호 | L3: Match Played 경기 수 | M3: Set Played 경기 Set수 | N3: Kills ① 공격 성공 | O3: Kills Assist ② 어시스트 | P3: Attack ③ 공 격 | Q3: Attack Errors 공격실패 ④ | R3: Total Attack ①+③+④ 공격 합계 | S3: Hit % (①-④) / TA 공격 효율 | T3: Blocks ⑤ 블로킹 성공 | U3: Block Errors 블로킹 실패 ⑥ | V3: Block Assist 블로킹 도움 ⑦ | W3: Serve ⑧ 서 브 | X3: Serve Aces 서브 에이스 ⑨ | Y3: Serve Errors 서브 실패 ⑩ | Z3: Total Serve ⑧+⑨+⑩ 서브 합계 | AA3: Ball Handling Errors ⑪ 볼처리 실패 | AB3: Total Points ①+⑤+⑨ 득점 합계 | AC3: Player Score ①+⑤+⑨+⑦x75% 공격 지수 | AD3: Receive Att. 리시브 합계 ⑫+⑬ | AE3: Receive Successes ⑫ 리시브 성공 | AF3: Receive Failures ⑬ 리시브 실패 | AG3: Rcv Suc Rate (%) | AH3: Digs ⑭ 디그 | AI3: Digs / Set 디그수/세트 | AL3: Kills / Set 공격득점 | AM3: Total Attack / Set 공격횟수/세트 | AN3: Hit % 공격성공율 | AO3: Blocks / Set 블로킹득점/세트 | AP3: Serve Aces / Set | AQ3: Total Points / Set | AR3: Player Score / Set 공격지수 | AS3: 리시브 실패 /세트 | AT3: Dig / Set
B4: 1 | C4: =if(D4=D3,C3+1,1) -> 1 | D4: 천안청수 | E4: 김아중 | F4: 3 | G4: Li | H4: - | I4: 164 | J4: 54 | K4: 1 | L4: 4 | M4: 12 | N4: 0 | O4: 4 | P4: 0 | Q4: 0 | R4: =if(Q4+P4+N4=0,"-",Q4+P4+N4) -> - | S4: =if(iferror((N4-Q4)/R4,0)=0,"-",round((N4-Q4)/R4,2)) -> - | T4: 0 | U4: 0 | V4: 0 | W4: 0 | X4: 0 | Y4: 0 | Z4: =IF(Y4+X4+W4=0,"-",Y4+X4+W4) -> - | AA4: 0 | AB4: =if((T4+X4+N4)=0, "-",T4+X4+N4) -> - | AC4: =N4+T4+X4+(V4*0.75) -> 0 | AD4: =IF(AE4+AF4=0,"-",AE4+AF4) -> 43 | AE4: 42 | AF4: 1 | AG4: =iferror((AE4/AD4)*100,"-") -> 97.674419 | AH4: 33 | AI4: =IFERROR(IF(MOD(AH4/M4, 1)=0, TEXT(AH4/M4, "0"), TEXT(AH4/M4, "0.00")), "-") -> 2.75 | AL4: =iferror(N4/$M4,"-") -> 0 | AM4: =iferror(R4/$M4,"-") -> - | AN4: =iferror(N4/R4,"-") -> - | AO4: =iferror(T4/$M4,"-") -> 0 | AP4: =iferror(X4/$M4,"-") -> 0 | AQ4: =iferror(AB4/$M4,"-") -> - | AR4: =iferror(AC4/$M4,"-") -> 0 | AS4: =iferror(AF4/M4,"-") -> 0.083333333 | AT4: =AI4 -> 2.75
B5: 2 | C5: =if(D5=D4,C4+1,1) -> 2 | D5: 천안청수 | E5: 김주원 | F5: 2 | G5: Li | H5: OH | I5: 165 | J5: 55 | K5: 2 | L5: 3 | M5: 3 | N5: 0 | O5: 2 | P5: 0 | Q5: 0 | R5: =if(Q5+P5+N5=0,"-",Q5+P5+N5) -> - | S5: =if(iferror((N5-Q5)/R5,0)=0,"-",round((N5-Q5)/R5,2)) -> - | T5: 0 | U5: 0 | V5: 0 | W5: 0 | X5: 0 | Y5: 0 | Z5: =IF(Y5+X5+W5=0,"-",Y5+X5+W5) -> - | AA5: 0 | AB5: =if((T5+X5+N5)=0, "-",T5+X5+N5) -> - | AC5: =N5+T5+X5+(V5*0.75) -> 0 | AD5: =IF(AE5+AF5=0,"-",AE5+AF5) -> 8 | AE5: 7 | AF5: 1 | AG5: =iferror((AE5/AD5)*100,"-") -> 87.5 | AH5: 3 | AI5: =IFERROR(IF(MOD(AH5/M5, 1)=0, TEXT(AH5/M5, "0"), TEXT(AH5/M5, "0.00")), "-") -> 1 | AL5: =iferror(N5/$M5,"-") -> 0 | AM5: =iferror(R5/$M5,"-") -> - | AN5: =iferror(N5/R5,"-") -> - | AO5: =iferror(T5/$M5,"-") -> 0 | AP5: =iferror(X5/$M5,"-") -> 0 | AQ5: =iferror(AB5/$M5,"-") -> - | AR5: =iferror(AC5/$M5,"-") -> 0 | AS5: =iferror(AF5/M5,"-") -> 0.33333333 | AT5: =AI5 -> 1
B6: 3 | C6: =if(D6=D5,C5+1,1) -> 3 | D6: 천안청수 | E6: 유채은 | F6: 2 | G6: OH | H6: - | I6: 164 | J6: 57 | K6: 3 | L6: 4 | M6: 11 | N6: 0 | O6: 1 | P6: 0 | Q6: 0 | R6: =if(Q6+P6+N6=0,"-",Q6+P6+N6) -> - | S6: =if(iferror((N6-Q6)/R6,0)=0,"-",round((N6-Q6)/R6,2)) -> - | T6: 0 | U6: 0 | V6: 0 | W6: 13 | X6: 0 | Y6: 2 | Z6: =IF(Y6+X6+W6=0,"-",Y6+X6+W6) -> 15 | AA6: 0 | AB6: =if((T6+X6+N6)=0, "-",T6+X6+N6) -> - | AC6: =N6+T6+X6+(V6*0.75) -> 0 | AD6: =IF(AE6+AF6=0,"-",AE6+AF6) -> 13 | AE6: 13 | AF6: 0 | AG6: =iferror((AE6/AD6)*100,"-") -> 100 | AH6: 15 | AI6: =IFERROR(IF(MOD(AH6/M6, 1)=0, TEXT(AH6/M6, "0"), TEXT(AH6/M6, "0.00")), "-") -> 1.36 | AL6: =iferror(N6/$M6,"-") -> 0 | AM6: =iferror(R6/$M6,"-") -> - | AN6: =iferror(N6/R6,"-") -> - | AO6: =iferror(T6/$M6,"-") -> 0 | AP6: =iferror(X6/$M6,"-") -> 0 | AQ6: =iferror(AB6/$M6,"-") -> - | AR6: =iferror(AC6/$M6,"-") -> 0 | AS6: =iferror(AF6/M6,"-") -> 0 | AT6: =AI6 -> 1.36
B7: 4 | C7: =if(D7=D6,C6+1,1) -> 4 | D7: 천안청수 | E7: 박믿음 | F7: 1 | G7: OP | H7: MB | I7: 179 | J7: 80 | K7: 6 | L7: 4 | M7: 10 | N7: 26 | O7: 0 | P7: 15 | Q7: 7 | R7: =if(Q7+P7+N7=0,"-",Q7+P7+N7) -> 48 | S7: =if(iferror((N7-Q7)/R7,0)=0,"-",round((N7-Q7)/R7,2)) -> 0.4 | T7: 6 | U7: 0 | V7: 0 | W7: 20 | X7: 1 | Y7: 1 | Z7: =IF(Y7+X7+W7=0,"-",Y7+X7+W7) -> 22 | AA7: 2 | AB7: =if((T7+X7+N7)=0, "-",T7+X7+N7) -> 33 | AC7: =N7+T7+X7+(V7*0.75) -> 33 | AD7: =IF(AE7+AF7=0,"-",AE7+AF7) -> 2 | AE7: 0 | AF7: 2 | AG7: =iferror((AE7/AD7)*100,"-") -> 0 | AH7: 17 | AI7: =IFERROR(IF(MOD(AH7/M7, 1)=0, TEXT(AH7/M7, "0"), TEXT(AH7/M7, "0.00")), "-") -> 1.70 | AL7: =iferror(N7/$M7,"-") -> 2.6 | AM7: =iferror(R7/$M7,"-") -> 4.8 | AN7: =iferror(N7/R7,"-") -> 0.54166667 | AO7: =iferror(T7/$M7,"-") -> 0.6 | AP7: =iferror(X7/$M7,"-") -> 0.1 | AQ7: =iferror(AB7/$M7,"-") -> 3.3 | AR7: =iferror(AC7/$M7,"-") -> 3.3 | AS7: =iferror(AF7/M7,"-") -> 0.2 | AT7: =AI7 -> 1.70
B8: 5 | C8: =if(D8=D7,C7+1,1) -> 5 | D8: 천안청수 | E8: 김주솔 | F8: 3 | G8: S | H8: - | I8: 175 | J8: 72 | K8: 7 | L8: 4 | M8: 12 | N8: 3 | O8: 129 | P8: 7 | Q8: 3 | R8: =if(Q8+P8+N8=0,"-",Q8+P8+N8) -> 13 | S8: =if(iferror((N8-Q8)/R8,0)=0,"-",round((N8-Q8)/R8,2)) -> - | T8: 5 | U8: 1 | V8: 2 | W8: 37 | X8: 3 | Y8: 2 | Z8: =IF(Y8+X8+W8=0,"-",Y8+X8+W8) -> 42 | AA8: 1 | AB8: =if((T8+X8+N8)=0, "-",T8+X8+N8) -> 11 | AC8: =N8+T8+X8+(V8*0.75) -> 12.5 | AD8: =IF(AE8+AF8=0,"-",AE8+AF8) -> 2 | AE8: 0 | AF8: 2 | AG8: =iferror((AE8/AD8)*100,"-") -> 0 | AH8: 28 | AI8: =IFERROR(IF(MOD(AH8/M8, 1)=0, TEXT(AH8/M8, "0"), TEXT(AH8/M8, "0.00")), "-") -> 2.33 | AL8: =iferror(N8/$M8,"-") -> 0.25 | AM8: =iferror(R8/$M8,"-") -> 1.0833333 | AN8: =iferror(N8/R8,"-") -> 0.23076923 | AO8: =iferror(T8/$M8,"-") -> 0.41666667 | AP8: =iferror(X8/$M8,"-") -> 0.25 | AQ8: =iferror(AB8/$M8,"-") -> 0.91666667 | AR8: =iferror(AC8/$M8,"-") -> 1.0416667 | AS8: =iferror(AF8/M8,"-") -> 0.16666667 | AT8: =AI8 -> 2.33
B9: 6 | C9: =if(D9=D8,C8+1,1) -> 6 | D9: 천안청수 | E9: 김정윤 | F9: 1 | G9: MB | H9: - | I9: 178 | J9: 65 | K9: 8 | L9: 0 | M9: 0 | N9: 0 | O9: 0 | P9: 0 | Q9: 0 | R9: =if(Q9+P9+N9=0,"-",Q9+P9+N9) -> - | S9: =if(iferror((N9-Q9)/R9,0)=0,"-",round((N9-Q9)/R9,2)) -> - | T9: 0 | U9: 0 | V9: 0 | W9: 0 | X9: 0 | Y9: 0 | Z9: =IF(Y9+X9+W9=0,"-",Y9+X9+W9) -> - | AA9: 0 | AB9: =if((T9+X9+N9)=0, "-",T9+X9+N9) -> - | AC9: =N9+T9+X9+(V9*0.75) -> 0 | AD9: =IF(AE9+AF9=0,"-",AE9+AF9) -> - | AE9: 0 | AF9: 0 | AG9: =iferror((AE9/AD9)*100,"-") -> - | AH9: 0 | AI9: =IFERROR(IF(MOD(AH9/M9, 1)=0, TEXT(AH9/M9, "0"), TEXT(AH9/M9, "0.00")), "-") -> - | AL9: =iferror(N9/$M9,"-") -> - | AM9: =iferror(R9/$M9,"-") -> - | AN9: =iferror(N9/R9,"-") -> - | AO9: =iferror(T9/$M9,"-") -> - | AP9: =iferror(X9/$M9,"-") -> - | AQ9: =iferror(AB9/$M9,"-") -> - | AR9: =iferror(AC9/$M9,"-") -> - | AS9: =iferror(AF9/M9,"-") -> - | AT9: =AI9 -> -
B10: 7 | C10: =if(D10=D9,C9+1,1) -> 7 | D10: 천안청수 | E10: 송민지 | F10: 2 | G10: OH | H10: - | I10: 182 | J10: 73 | K10: 9 | L10: 4 | M10: 12 | N10: 37 | O10: 1 | P10: 50 | Q10: 7 | R10: =if(Q10+P10+N10=0,"-",Q10+P10+N10) -> 94 | S10: =if(iferror((N10-Q10)/R10,0)=0,"-",round((N10-Q10)/R10,2)) -> 0.32 | T10: 1 | U10: 0 | V10: 2 | W10: 19 | X10: 2 | Y10: 4 | Z10: =IF(Y10+X10+W10=0,"-",Y10+X10+W10) -> 25 | AA10: 1 | AB10: =if((T10+X10+N10)=0, "-",T10+X10+N10) -> 40 | AC10: =N10+T10+X10+(V10*0.75) -> 41.5 | AD10: =IF(AE10+AF10=0,"-",AE10+AF10) -> 92 | AE10: 87 | AF10: 5 | AG10: =iferror((AE10/AD10)*100,"-") -> 94.565217 | AH10: 21 | AI10: =IFERROR(IF(MOD(AH10/M10, 1)=0, TEXT(AH10/M10, "0"), TEXT(AH10/M10, "0.00")), "-") -> 1.75 | AL10: =iferror(N10/$M10,"-") -> 3.0833333 | AM10: =iferror(R10/$M10,"-") -> 7.8333333 | AN10: =iferror(N10/R10,"-") -> 0.39361702 | AO10: =iferror(T10/$M10,"-") -> 0.083333333 | AP10: =iferror(X10/$M10,"-") -> 0.16666667 | AQ10: =iferror(AB10/$M10,"-") -> 3.3333333 | AR10: =iferror(AC10/$M10,"-") -> 3.4583333 | AS10: =iferror(AF10/M10,"-") -> 0.41666667 | AT10: =AI10 -> 1.75
B11: 8 | C11: =if(D11=D10,C10+1,1) -> 8 | D11: 천안청수 | E11: 이은재 | F11: 3 | G11: OH | H11: OP | I11: 175 | J11: 80 | K11: 10 | L11: 4 | M11: 11 | N11: 18 | O11: 2 | P11: 36 | Q11: 10 | R11: =if(Q11+P11+N11=0,"-",Q11+P11+N11) -> 64 | S11: =if(iferror((N11-Q11)/R11,0)=0,"-",round((N11-Q11)/R11,2)) -> 0.13 | T11: 3 | U11: 1 | V11: 1 | W11: 17 | X11: 5 | Y11: 4 | Z11: =IF(Y11+X11+W11=0,"-",Y11+X11+W11) -> 26 | AA11: 0 | AB11: =if((T11+X11+N11)=0, "-",T11+X11+N11) -> 26 | AC11: =N11+T11+X11+(V11*0.75) -> 26.75 | AD11: =IF(AE11+AF11=0,"-",AE11+AF11) -> 5 | AE11: 5 | AF11: 0 | AG11: =iferror((AE11/AD11)*100,"-") -> 100 | AH11: 18 | AI11: =IFERROR(IF(MOD(AH11/M11, 1)=0, TEXT(AH11/M11, "0"), TEXT(AH11/M11, "0.00")), "-") -> 1.64 | AL11: =iferror(N11/$M11,"-") -> 1.6363636 | AM11: =iferror(R11/$M11,"-") -> 5.8181818 | AN11: =iferror(N11/R11,"-") -> 0.28125 | AO11: =iferror(T11/$M11,"-") -> 0.27272727 | AP11: =iferror(X11/$M11,"-") -> 0.45454545 | AQ11: =iferror(AB11/$M11,"-") -> 2.3636364 | AR11: =iferror(AC11/$M11,"-") -> 2.4318182 | AS11: =iferror(AF11/M11,"-") -> 0 | AT11: =AI11 -> 1.64
B12: 9 | C12: =if(D12=D11,C11+1,1) -> 9 | D12: 천안청수 | E12: 이효담 | F12: 3 | G12: MB | H12: - | I12: 175 | J12: 61 | K12: 11 | L12: 4 | M12: 12 | N12: 12 | O12: 2 | P12: 13 | Q12: 3 | R12: =if(Q12+P12+N12=0,"-",Q12+P12+N12) -> 28 | S12: =if(iferror((N12-Q12)/R12,0)=0,"-",round((N12-Q12)/R12,2)) -> 0.32 | T12: 4 | U12: 1 | V12: 4 | W12: 42 | X12: 4 | Y12: 3 | Z12: =IF(Y12+X12+W12=0,"-",Y12+X12+W12) -> 49 | AA12: 0 | AB12: =if((T12+X12+N12)=0, "-",T12+X12+N12) -> 20 | AC12: =N12+T12+X12+(V12*0.75) -> 23 | AD12: =IF(AE12+AF12=0,"-",AE12+AF12) -> 5 | AE12: 5 | AF12: 0 | AG12: =iferror((AE12/AD12)*100,"-") -> 100 | AH12: 11 | AI12: =IFERROR(IF(MOD(AH12/M12, 1)=0, TEXT(AH12/M12, "0"), TEXT(AH12/M12, "0.00")), "-") -> 0.92 | AL12: =iferror(N12/$M12,"-") -> 1 | AM12: =iferror(R12/$M12,"-") -> 2.3333333 | AN12: =iferror(N12/R12,"-") -> 0.42857143 | AO12: =iferror(T12/$M12,"-") -> 0.33333333 | AP12: =iferror(X12/$M12,"-") -> 0.33333333 | AQ12: =iferror(AB12/$M12,"-") -> 1.6666667 | AR12: =iferror(AC12/$M12,"-") -> 1.9166667 | AS12: =iferror(AF12/M12,"-") -> 0 | AT12: =AI12 -> 0.92
B13: 10 | C13: =if(D13=D12,C12+1,1) -> 10 | D13: 천안청수 | E13: 박예영 | F13: 1 | G13: MB | H13: OH | I13: 179 | J13: 66 | K13: 12 | L13: 1 | M13: 1 | N13: 0 | O13: 0 | P13: 0 | Q13: 0 | R13: =if(Q13+P13+N13=0,"-",Q13+P13+N13) -> - | S13: =if(iferror((N13-Q13)/R13,0)=0,"-",round((N13-Q13)/R13,2)) -> - | T13: 0 | U13: 0 | V13: 0 | W13: 0 | X13: 0 | Y13: 1 | Z13: =IF(Y13+X13+W13=0,"-",Y13+X13+W13) -> 1 | AA13: 0 | AB13: =if((T13+X13+N13)=0, "-",T13+X13+N13) -> - | AC13: =N13+T13+X13+(V13*0.75) -> 0 | AD13: =IF(AE13+AF13=0,"-",AE13+AF13) -> - | AE13: 0 | AF13: 0 | AG13: =iferror((AE13/AD13)*100,"-") -> - | AH13: 0 | AI13: =IFERROR(IF(MOD(AH13/M13, 1)=0, TEXT(AH13/M13, "0"), TEXT(AH13/M13, "0.00")), "-") -> 0 | AL13: =iferror(N13/$M13,"-") -> 0 | AM13: =iferror(R13/$M13,"-") -> - | AN13: =iferror(N13/R13,"-") -> - | AO13: =iferror(T13/$M13,"-") -> 0 | AP13: =iferror(X13/$M13,"-") -> 0 | AQ13: =iferror(AB13/$M13,"-") -> - | AR13: =iferror(AC13/$M13,"-") -> 0 | AS13: =iferror(AF13/M13,"-") -> 0 | AT13: =AI13 -> 0
B14: 11 | C14: =if(D14=D13,C13+1,1) -> 11 | D14: 천안청수 | E14: 여원 | F14: 2 | G14: OH | H14: Li | I14: 170 | J14: 62 | K14: 13 | L14: 4 | M14: 12 | N14: 42 | O14: 1 | P14: 43 | Q14: 9 | R14: =if(Q14+P14+N14=0,"-",Q14+P14+N14) -> 94 | S14: =if(iferror((N14-Q14)/R14,0)=0,"-",round((N14-Q14)/R14,2)) -> 0.35 | T14: 0 | U14: 0 | V14: 1 | W14: 45 | X14: 5 | Y14: 2 | Z14: =IF(Y14+X14+W14=0,"-",Y14+X14+W14) -> 52 | AA14: 0 | AB14: =if((T14+X14+N14)=0, "-",T14+X14+N14) -> 47 | AC14: =N14+T14+X14+(V14*0.75) -> 47.75 | AD14: =IF(AE14+AF14=0,"-",AE14+AF14) -> 28 | AE14: 28 | AF14: 0 | AG14: =iferror((AE14/AD14)*100,"-") -> 100 | AH14: 32 | AI14: =IFERROR(IF(MOD(AH14/M14, 1)=0, TEXT(AH14/M14, "0"), TEXT(AH14/M14, "0.00")), "-") -> 2.67 | AL14: =iferror(N14/$M14,"-") -> 3.5 | AM14: =iferror(R14/$M14,"-") -> 7.8333333 | AN14: =iferror(N14/R14,"-") -> 0.44680851 | AO14: =iferror(T14/$M14,"-") -> 0 | AP14: =iferror(X14/$M14,"-") -> 0.41666667 | AQ14: =iferror(AB14/$M14,"-") -> 3.9166667 | AR14: =iferror(AC14/$M14,"-") -> 3.9791667 | AS14: =iferror(AF14/M14,"-") -> 0 | AT14: =AI14 -> 2.67
B15: 12 | C15: =if(D15=D14,C14+1,1) -> 12 | D15: 천안청수 | E15: 김규연 | F15: 2 | G15: MB | H15: - | I15: 183 | J15: 71 | K15: 14 | L15: 4 | M15: 12 | N15: 32 | O15: 1 | P15: 20 | Q15: 9 | R15: =if(Q15+P15+N15=0,"-",Q15+P15+N15) -> 61 | S15: =if(iferror((N15-Q15)/R15,0)=0,"-",round((N15-Q15)/R15,2)) -> 0.38 | T15: 5 | U15: 0 | V15: 11 | W15: 43 | X15: 9 | Y15: 3 | Z15: =IF(Y15+X15+W15=0,"-",Y15+X15+W15) -> 55 | AA15: 0 | AB15: =if((T15+X15+N15)=0, "-",T15+X15+N15) -> 46 | AC15: =N15+T15+X15+(V15*0.75) -> 54.25 | AD15: =IF(AE15+AF15=0,"-",AE15+AF15) -> 2 | AE15: 2 | AF15: 0 | AG15: =iferror((AE15/AD15)*100,"-") -> 100 | AH15: 7 | AI15: =IFERROR(IF(MOD(AH15/M15, 1)=0, TEXT(AH15/M15, "0"), TEXT(AH15/M15, "0.00")), "-") -> 0.58 | AL15: =iferror(N15/$M15,"-") -> 2.6666667 | AM15: =iferror(R15/$M15,"-") -> 5.0833333 | AN15: =iferror(N15/R15,"-") -> 0.52459016 | AO15: =iferror(T15/$M15,"-") -> 0.41666667 | AP15: =iferror(X15/$M15,"-") -> 0.75 | AQ15: =iferror(AB15/$M15,"-") -> 3.8333333 | AR15: =iferror(AC15/$M15,"-") -> 4.5208333 | AS15: =iferror(AF15/M15,"-") -> 0 | AT15: =AI15 -> 0.58
... B84: 81 | C84: =if(D84=D83,C83+1,1) -> 10 | D84: 제천여고 | E84: 박소진 | F84: 1 | G84: OP | H84: OH | I84: 168 | J84: 53 | K84: 12 | L84: 3 | M84: 7 | N84: 0 | O84: 0 | P84: 0 | Q84: 0 | R84: =if(Q84+P84+N84=0,"-",Q84+P84+N84) -> - | S84: =if(iferror((N84-Q84)/R84,0)=0,"-",round((N84-Q84)/R84,2)) -> - | T84: 0 | U84: 0 | V84: 0 | W84: 4 | X84: 1 | Y84: 2 | Z84: =IF(Y84+X84+W84=0,"-",Y84+X84+W84) -> 7 | AA84: 0 | AB84: =if((T84+X84+N84)=0, "-",T84+X84+N84) -> 1 | AC84: =N84+T84+X84+(V84*0.75) -> 1 | AD84: =IF(AE84+AF84=0,"-",AE84+AF84) -> 2 | AE84: 1 | AF84: 1 | AG84: =iferror((AE84/AD84)*100,"-") -> 50 | AH84: 1 | AI84: =IFERROR(IF(MOD(AH84/M84, 1)=0, TEXT(AH84/M84, "0"), TEXT(AH84/M84, "0.00")), "-") -> 0.14 | AL84: =iferror(N84/$M84,"-") -> 0 | AM84: =iferror(R84/$M84,"-") -> - | AN84: =iferror(N84/R84,"-") -> - | AO84: =iferror(T84/$M84,"-") -> 0 | AP84: =iferror(X84/$M84,"-") -> 0.14285714 | AQ84: =iferror(AB84/$M84,"-") -> 0.14285714 | AR84: =iferror(AC84/$M84,"-") -> 0.14285714 | AS84: =iferror(AF84/M84,"-") -> 0.14285714 | AT84: =AI84 -> 0.14
B85: 82 | C85: =if(D85=D84,C84+1,1) -> 1 | R85: =if(Q85+P85+N85=0,"-",Q85+P85+N85) -> - | S85: =if(iferror((N85-Q85)/R85,0)=0,"-",round((N85-Q85)/R85,2)) -> - | Z85: =IF(Y85+X85+W85=0,"-",Y85+X85+W85) -> - | AB85: =if((T85+X85+N85)=0, "-",T85+X85+N85) -> - | AC85: =N85+T85+X85+(V85*0.75) -> 0 | AD85: =IF(AE85+AF85=0,"-",AE85+AF85) -> - | AG85: =iferror((AE85/AD85)*100,"-") -> - | AI85: =IFERROR(IF(MOD(AH85/M85, 1)=0, TEXT(AH85/M85, "0"), TEXT(AH85/M85, "0.00")), "-") -> - | AL85: =iferror(N85/$M85,"-") -> - | AM85: =iferror(R85/$M85,"-") -> - | AN85: =iferror(N85/R85,"-") -> - | AO85: =iferror(T85/$M85,"-") -> - | AP85: =iferror(X85/$M85,"-") -> - | AQ85: =iferror(AB85/$M85,"-") -> - | AR85: =iferror(AC85/$M85,"-") -> - | AS85: =iferror(AF85/M85,"-") -> - | AT85: =AI85 -> -
B86: 83 | C86: =if(D86=D85,C85+1,1) -> 2 | R86: =if(Q86+P86+N86=0,"-",Q86+P86+N86) -> - | S86: =if(iferror((N86-Q86)/R86,0)=0,"-",round((N86-Q86)/R86,2)) -> - | Z86: =IF(Y86+X86+W86=0,"-",Y86+X86+W86) -> - | AB86: =if((T86+X86+N86)=0, "-",T86+X86+N86) -> - | AC86: =N86+T86+X86+(V86*0.75) -> 0 | AD86: =IF(AE86+AF86=0,"-",AE86+AF86) -> - | AG86: =iferror((AE86/AD86)*100,"-") -> - | AI86: =IFERROR(IF(MOD(AH86/M86, 1)=0, TEXT(AH86/M86, "0"), TEXT(AH86/M86, "0.00")), "-") -> - | AL86: =iferror(N86/$M86,"-") -> - | AM86: =iferror(R86/$M86,"-") -> - | AN86: =iferror(N86/R86,"-") -> - | AO86: =iferror(T86/$M86,"-") -> - | AP86: =iferror(X86/$M86,"-") -> - | AQ86: =iferror(AB86/$M86,"-") -> - | AR86: =iferror(AC86/$M86,"-") -> - | AS86: =iferror(AF86/M86,"-") -> - | AT86: =AI86 -> -
